id,source,title,authors,year,venue,doi,url,abstract,doi_norm,title_norm,duplicate_of,dedup_method
1,openalex,Network intrusion detection system: A systematic study of machine learning and deep learning approaches,Zeeshan Ahmad; Adnan Shahid Khan; Cheah Wai Shiang; Johari Abdullah; Farhan Ahmad,2020.0,Transactions on Emerging Telecommunications Technologies,10.1002/ett.4150,https://openalex.org/W3093410479,"Abstract The rapid advances in the internet and communication fields have resulted in a huge increase in the network size and the corresponding data. As a result, many novel attacks are being generated and have posed challenges for network security to accurately detect intrusions. Furthermore, the presence of the intruders with the aim to launch various attacks within the network cannot be ignored. An intrusion detection system (IDS) is one such tool that prevents the network from possible intrusions by inspecting the network traffic, to ensure its confidentiality, integrity, and availability. Despite enormous efforts by the researchers, IDS still faces challenges in improving detection accuracy while reducing false alarm rates and in detecting novel intrusions. Recently, machine learning (ML) and deep learning (DL)‐based IDS systems are being deployed as potential solutions to detect intrusions across the network in an efficient manner. This article first clarifies the concept of IDS and then provides the taxonomy based on the notable ML and DL techniques adopted in designing network‐based IDS (NIDS) systems. A comprehensive review of the recent NIDS‐based articles is provided by discussing the strengths and limitations of the proposed solutions. Then, recent trends and advancements of ML and DL‐based NIDS are provided in terms of the proposed methodology, evaluation metrics, and dataset selection. Using the shortcomings of the proposed methods, we highlighted various research challenges and provided the future scope for the research in improving ML and DL‐based NIDS.",10.1002/ett.4150,network intrusion detection system a systematic study of machine learning and deep learning approaches,,
2,openalex,"Machine Learning: Algorithms, Real-World Applications and Research Directions",Iqbal H. Sarker,2021.0,SN Computer Science,10.1007/s42979-021-00592-x,https://openalex.org/W3135028703,,10.1007/s42979-021-00592-x,machine learning algorithms real world applications and research directions,,
3,openalex,Classification Based on Decision Tree Algorithm for Machine Learning,Bahzad Charbuty; Adnan Mohsin Abdulazeez,2021.0,Journal of Applied Science and Technology Trends,10.38094/jastt20165,https://openalex.org/W3148181069,"Decision tree classifiers are regarded to be a standout of the most well-known methods to data classification representation of classifiers. Different researchers from various fields and backgrounds have considered the problem of extending a decision tree from available data, such as machine study, pattern recognition, and statistics. In various fields such as medical disease analysis, text classification, user smartphone classification, images, and many more the employment of Decision tree classifiers has been proposed in many ways. This paper provides a detailed approach to the decision trees. Furthermore, paper specifics, such as algorithms/approaches used, datasets, and outcomes achieved, are evaluated and outlined comprehensively. In addition, all of the approaches analyzed were discussed to illustrate the themes of the authors and identify the most accurate classifiers. As a result, the uses of different types of datasets are discussed and their findings are analyzed.",10.38094/jastt20165,classification based on decision tree algorithm for machine learning,,
4,openalex,Machine Learning for Anomaly Detection: A Systematic Review,Ali Bou Nassif; Manar Abu Talib; Qassim Nasir; Fatima Dakalbab,2021.0,IEEE Access,10.1109/access.2021.3083060,https://openalex.org/W3164952570,"Anomaly detection has been used for decades to identify and extract anomalous components from data. Many techniques have been used to detect anomalies. One of the increasingly significant techniques is Machine Learning (ML), which plays an important role in this area. In this research paper, we conduct a Systematic Literature Review (SLR) which analyzes ML models that detect anomalies in their application. Our review analyzes the models from four perspectives; the applications of anomaly detection, ML techniques, performance metrics for ML models, and the classification of anomaly detection. In our review, we have identified 290 research articles, written from 2000-2020, that discuss ML techniques for anomaly detection. After analyzing the selected research articles, we present 43 different applications of anomaly detection found in the selected research articles. Moreover, we identify 29 distinct ML models used in the identification of anomalies. Finally, we present 22 different datasets that are applied in experiments on anomaly detection, as well as many other general datasets. In addition, we observe that unsupervised anomaly detection has been adopted by researchers more than other classification anomaly detection systems. Detection of anomalies using ML models is a promising area of research, and there are a lot of ML models that have been implemented by researchers. Therefore, we provide researchers with recommendations and guidelines based on this review.",10.1109/access.2021.3083060,machine learning for anomaly detection a systematic review,,
5,openalex,Performance Analysis of Machine Learning Algorithms in Intrusion Detection System: A Review,T. Saranya; S. Sridevi; C. Deisy; Tran Duc Chung; M.K.A. Ahamed Khan,2020.0,Procedia Computer Science,10.1016/j.procs.2020.04.133,https://openalex.org/W3033403042,"The rapid growth of technologies not only formulates life easier but also exposes a lot of security issues. With the advancement of the Internet over years, the number of attacks over the Internet has been increased. Intrusion Detection System (IDS) is one of the supportive layers applicable to information security. IDS provide a salubrious environment for business and keeps away from suspicious network activities. Recently, Machine Learning (ML) algorithms are applied in IDS in order to identify and classify the security threats. This paper explores the comparative study of various ML algorithms used in IDS for several applications such as fog computing, Internet of Things (IoT), big data, smart city, and 5G network. In addition, this work also aims for classifying the intrusions using ML algorithms like Linear Discriminant Analysis (LDA), Classification and Regression Trees (CART) and Random Forest. The work was tested with the KDD-CUP dataset and their efficiency was measured and also compared along with the latest researches.",10.1016/j.procs.2020.04.133,performance analysis of machine learning algorithms in intrusion detection system a review,,
6,openalex,An Explainable Machine Learning Framework for Intrusion Detection Systems,Maonan Wang; Kangfeng Zheng; Yanqing Yang; Xiujuan Wang,2020.0,IEEE Access,10.1109/access.2020.2988359,https://openalex.org/W3017093935,"In recent years, machine learning-based intrusion detection systems (IDSs) have proven to be effective; especially, deep neural networks improve the detection rates of intrusion detection models. However, as models become more and more complex, people can hardly get the explanations behind their decisions. At the same time, most of the works about model interpretation focuses on other fields like computer vision, natural language processing, and biology. This leads to the fact that in practical use, cybersecurity experts can hardly optimize their decisions according to the judgments of the model. To solve these issues, a framework is proposed in this paper to give an explanation for IDSs. This framework uses SHapley Additive exPlanations (SHAP), and combines local and global explanations to improve the interpretation of IDSs. The local explanations give the reasons why the model makes certain decisions on the specific input. The global explanations give the important features extracted from IDSs, present the relationships between the feature values and different types of attacks. At the same time, the interpretations between two different classifiers, one-vs-all classifier and multiclass classifier, are compared. NSL-KDD dataset is used to test the feasibility of the framework. The framework proposed in this paper leads to improve the transparency of any IDS, and helps the cybersecurity staff have a better understanding of IDSs' judgments. Furthermore, the different interpretations between different kinds of classifiers can also help security experts better design the structures of the IDSs. More importantly, this work is unique in the intrusion detection field, presenting the first use of the SHAP method to give explanations for IDSs.",10.1109/access.2020.2988359,an explainable machine learning framework for intrusion detection systems,,
7,openalex,Benchmarking of Machine Learning for Anomaly Based Intrusion Detection Systems in the CICIDS2017 Dataset,Ziadoon Kamil Maseer; Robiah Yusof; Nazrulazhar Bahaman; Salama A. Mostafa; Cik Feresa Mohd Foozy,2021.0,IEEE Access,10.1109/access.2021.3056614,https://openalex.org/W3126814579,"An intrusion detection system (IDS) is an important protection instrument for detecting complex network attacks. Various machine learning (ML) or deep learning (DL) algorithms have been proposed for implementing anomaly-based IDS (AIDS). Our review of the AIDS literature identifies some issues in related work, including the randomness of the selected algorithms, parameters, and testing criteria, the application of old datasets, or shallow analyses and validation of the results. This paper comprehensively reviews previous studies on AIDS by using a set of criteria with different datasets and types of attacks to set benchmarking outcomes that can reveal the suitable AIDS algorithms, parameters, and testing criteria. Specifically, this paper applies 10 popular supervised and unsupervised ML algorithms for identifying effective and efficient ML-AIDS of networks and computers. These supervised ML algorithms include the artificial neural network (ANN), decision tree (DT), k-nearest neighbor (k-NN), naive Bayes (NB), random forest (RF), support vector machine (SVM), and convolutional neural network (CNN) algorithms, whereas the unsupervised ML algorithms include the expectation-maximization (EM), k-means, and self-organizing maps (SOM) algorithms. Several models of these algorithms are introduced, and the turning and training parameters of each algorithm are examined to achieve an optimal classifier evaluation. Unlike previous studies, this study evaluates the performance of AIDS by measuring the true positive and negative rates, accuracy, precision, recall, and F-Score of 31 ML-AIDS models. The training and testing time for ML-AIDS models are also considered in measuring their performance efficiency given that time complexity is an important factor in AIDSs. The ML-AIDS models are tested by using a recent and highly unbalanced multiclass CICIDS2017 dataset that involves real-world network attacks. In general, the k-NN-AIDS, DT-AIDS, and NB-AIDS models obtain the best results and show a greater capability in detecting web attacks compared with other models that demonstrate irregular and inferior results.",10.1109/access.2021.3056614,benchmarking of machine learning for anomaly based intrusion detection systems in the cicids2017 dataset,,
8,openalex,Adversarial Machine Learning for Network Intrusion Detection Systems: A Comprehensive Survey,Ke He; Dong Seong Kim; Muhammad Rizwan Asghar,2023.0,IEEE Communications Surveys & Tutorials,10.1109/comst.2022.3233793,https://openalex.org/W4313591247,"Network-based Intrusion Detection System (NIDS) forms the frontline defence against network attacks that compromise the security of the data, systems, and networks. In recent years, Deep Neural Networks (DNNs) have been increasingly used in NIDS to detect malicious traffic due to their high detection accuracy. However, DNNs are vulnerable to adversarial attacks that modify an input example with imperceivable perturbation, which causes a misclassification by the DNN. In security-sensitive domains, such as NIDS, adversarial attacks pose a severe threat to network security. However, existing studies in adversarial learning against NIDS directly implement adversarial attacks designed for Computer Vision (CV) tasks, ignoring the fundamental differences in the detection pipeline and feature spaces between CV and NIDS. It remains a major research challenge to launch and detect adversarial attacks against NIDS. This article surveys the recent literature on NIDS, adversarial attacks, and network defences since 2015 to examine the differences in adversarial learning against deep neural networks in CV and NIDS. It provides the reader with a thorough understanding of DL-based NIDS, adversarial attacks and defences, and research trends in this field. We first present a taxonomy of DL-based NIDS and discuss the impact of taxonomy on adversarial learning. Next, we review existing white-box and black-box adversarial attacks on DNNs and their applicability in the NIDS domain. Finally, we review existing defence mechanisms against adversarial examples and their characteristics.",10.1109/comst.2022.3233793,adversarial machine learning for network intrusion detection systems a comprehensive survey,,
9,openalex,NetFlow Datasets for Machine Learning-Based Network Intrusion Detection Systems,Mohanad Sarhan; Siamak Layeghy; Nour Moustafa; Marius Portmann,2021.0,"Lecture notes of the Institute for Computer Sciences, Social Informatics and Telecommunications Engineering",10.1007/978-3-030-72802-1_9,https://openalex.org/W3102359135,,10.1007/978-3-030-72802-1_9,netflow datasets for machine learning based network intrusion detection systems,,
10,openalex,Machine learning methods for cyber security intrusion detection: Datasets and comparative study,İlhan Fırat Kılınçer; Fatih Ertam; Abdulkadir Şengür,2021.0,Computer Networks,10.1016/j.comnet.2021.107840,https://openalex.org/W3119693685,,10.1016/j.comnet.2021.107840,machine learning methods for cyber security intrusion detection datasets and comparative study,,
11,openalex,Scientific Machine Learning Through Physics–Informed Neural Networks: Where we are and What’s Next,Salvatore Cuomo; Vincenzo Schiano Di Cola; Fabio Giampaolo; Gianluigi Rozza; Maziar Raissi; Francesco Piccialli,2022.0,Journal of Scientific Computing,10.1007/s10915-022-01939-z,https://openalex.org/W4288039037,"Abstract Physics-Informed Neural Networks (PINN) are neural networks (NNs) that encode model equations, like Partial Differential Equations (PDE), as a component of the neural network itself. PINNs are nowadays used to solve PDEs, fractional equations, integral-differential equations, and stochastic PDEs. This novel methodology has arisen as a multi-task learning framework in which a NN must fit observed data while reducing a PDE residual. This article provides a comprehensive review of the literature on PINNs: while the primary goal of the study was to characterize these networks and their related advantages and disadvantages. The review also attempts to incorporate publications on a broader range of collocation-based physics informed neural networks, which stars form the vanilla PINN, as well as many other variants, such as physics-constrained neural networks (PCNN), variational hp-VPINN, and conservative PINN (CPINN). The study indicates that most research has focused on customizing the PINN through different activation functions, gradient optimization techniques, neural network structures, and loss function structures. Despite the wide range of applications for which PINNs have been used, by demonstrating their ability to be more feasible in some contexts than classical numerical techniques like Finite Element Method (FEM), advancements are still possible, most notably theoretical issues that remain unresolved.",10.1007/s10915-022-01939-z,scientific machine learning through physics informed neural networks where we are and what s next,,
12,openalex,Machine Learning Applications for Precision Agriculture: A Comprehensive Review,Abhinav Sharma; Arpit Jain; Prateek Gupta; Vinay Chowdary,2020.0,IEEE Access,10.1109/access.2020.3048415,https://openalex.org/W3120697286,"Agriculture plays a vital role in the economic growth of any country. With the increase of population, frequent changes in climatic conditions and limited resources, it becomes a challenging task to fulfil the food requirement of the present population. Precision agriculture also known as smart farming have emerged as an innovative tool to address current challenges in agricultural sustainability. The mechanism that drives this cutting edge technology is machine learning (ML). It gives the machine ability to learn without being explicitly programmed. ML together with IoT (Internet of Things) enabled farm machinery are key components of the next agriculture revolution. In this article, authors present a systematic review of ML applications in the field of agriculture. The areas that are focused are prediction of soil parameters such as organic carbon and moisture content, crop yield prediction, disease and weed detection in crops and species detection. ML with computer vision are reviewed for the classification of a different set of crop images in order to monitor the crop quality and yield assessment. This approach can be integrated for enhanced livestock production by predicting fertility patterns, diagnosing eating disorders, cattle behaviour based on ML models using data collected by collar sensors, etc. Intelligent irrigation which includes drip irrigation and intelligent harvesting techniques are also reviewed that reduces human labour to a great extent. This article demonstrates how knowledge-based agriculture can improve the sustainable productivity and quality of the product.",10.1109/access.2020.3048415,machine learning applications for precision agriculture a comprehensive review,,
13,openalex,Building an efficient intrusion detection system based on feature selection and ensemble classifier,Yuyang Zhou; Guang Cheng; Shanqing Jiang; Mian Dai,2020.0,Computer Networks,10.1016/j.comnet.2020.107247,https://openalex.org/W3014732532,,10.1016/j.comnet.2020.107247,building an efficient intrusion detection system based on feature selection and ensemble classifier,,
14,openalex,IntruDTree: A Machine Learning Based Cyber Security Intrusion Detection Model,Iqbal H. Sarker; Yoosef B. Abushark; Fawaz Alsolami; Asif Irshad Khan,2020.0,Symmetry,10.3390/sym12050754,https://openalex.org/W3017881119,"Cyber security has recently received enormous attention in today’s security concerns, due to the popularity of the Internet-of-Things (IoT), the tremendous growth of computer networks, and the huge number of relevant applications. Thus, detecting various cyber-attacks or anomalies in a network and building an effective intrusion detection system that performs an essential role in today’s security is becoming more important. Artificial intelligence, particularly machine learning techniques, can be used for building such a data-driven intelligent intrusion detection system. In order to achieve this goal, in this paper, we present an Intrusion Detection Tree (“IntruDTree”) machine-learning-based security model that first takes into account the ranking of security features according to their importance and then build a tree-based generalized intrusion detection model based on the selected important features. This model is not only effective in terms of prediction accuracy for unseen test cases but also minimizes the computational complexity of the model by reducing the feature dimensions. Finally, the effectiveness of our IntruDTree model was examined by conducting experiments on cybersecurity datasets and computing the precision, recall, fscore, accuracy, and ROC values to evaluate. We also compare the outcome results of IntruDTree model with several traditional popular machine learning methods such as the naive Bayes classifier, logistic regression, support vector machines, and k-nearest neighbor, to analyze the effectiveness of the resulting security model.",10.3390/sym12050754,intrudtree a machine learning based cyber security intrusion detection model,,
15,openalex,A machine learning-based intrusion detection for detecting internet of things network attacks,Yakub Kayode Saheed; Aremu Idris Abiodun; Sanjay Misra; Monica Kristiansen Holone; Ricardo Colomo‐Palacios,2022.0,Alexandria Engineering Journal,10.1016/j.aej.2022.02.063,https://openalex.org/W4220957574,"The Internet of Things (IoT) refers to the collection of all those devices that could connect to the Internet to collect and share data. The introduction of varied devices continues to grow tremendously, posing new privacy and security risks—the proliferation of Internet connections and the advent of new technologies such as the IoT. Various and sophisticated intrusions are driving the IoT paradigm into computer networks. Companies are increasing their investment in research to improve the detection of these attacks. By comparing the highest rates of accuracy, institutions are picking intelligent procedures for testing and verification. The adoption of IoT in the different sectors, including health, has also continued to increase in recent times. Where the IoT applications became well known for technology researchers and developers. Unfortunately, the striking challenge of IoT is the privacy and security issues resulting from the energy limitations and scalability of IoT devices. Therefore, how to improve the security and privacy challenges of IoT remains an important problem in the computer security field. This paper proposes a machine learning-based intrusion detection system (ML-IDS) for detecting IoT network attacks. The primary objective of this research focuses on applying ML-supervised algorithm-based IDS for IoT. In the first stage of this research methodology, feature scaling was done using the Minimum-maximum (min–max) concept of normalization on the UNSW-NB15 dataset to limit information leakage on the test data. This dataset is a mixture of contemporary attacks and normal activities of network traffic grouped into nine different attack types. In the next stage, dimensionality reduction was performed with Principal Component Analysis (PCA). Lastly, six proposed machine learning models were used for the analysis. The experimental results of our findings were evaluated in terms of validation dataset, accuracy, the area under the curve, recall, F1, precision, kappa, and Mathew correlation coefficient (MCC). The findings were also benchmarked with the existing works, and our results were competitive with an accuracy of 99.9% and MCC of 99.97%.",10.1016/j.aej.2022.02.063,a machine learning based intrusion detection for detecting internet of things network attacks,,
16,openalex,TON_IoT Telemetry Dataset: A New Generation Dataset of IoT and IIoT for Data-Driven Intrusion Detection Systems,Abdullah Alsaedi; Nour Moustafa; Zahir Tari; Abdun Naser Mahmood; Adnan Anwar,2020.0,IEEE Access,10.1109/access.2020.3022862,https://openalex.org/W3085955590,"Although the Internet of Things (IoT) can increase efficiency and productivity through intelligent and remote management, it also increases the risk of cyber-attacks. The potential threats to IoT applications and the need to reduce risk have recently become an interesting research topic. It is crucial that effective Intrusion Detection Systems (IDSs) tailored to IoT applications be developed. Such IDSs require an updated and representative IoT dataset for training and evaluation. However, there is a lack of benchmark IoT and IIoT datasets for assessing IDSs-enabled IoT systems. This paper addresses this issue and proposes a new data-driven IoT/IIoT dataset with the ground truth that incorporates a label feature indicating normal and attack classes, as well as a type feature indicating the sub-classes of attacks targeting IoT/IIoT applications for multi-classification problems. The proposed dataset, which is named TON_IoT, includes Telemetry data of IoT/IIoT services, as well as Operating Systems logs and Network traffic of IoT network, collected from a realistic representation of a medium-scale network at the Cyber Range and IoT Labs at the UNSW Canberra (Australia). This paper also describes the proposed dataset of the Telemetry data of IoT/IIoT services and their characteristics. TON_IoT has various advantages that are currently lacking in the state-of-the-art datasets: i) it has various normal and attack events for different IoT/IIoT services, and ii) it includes heterogeneous data sources. We evaluated the performance of several popular Machine Learning (ML) methods and a Deep Learning model in both binary and multi-class classification problems for intrusion detection purposes using the proposed Telemetry dataset.",10.1109/access.2020.3022862,ton iot telemetry dataset a new generation dataset of iot and iiot for data driven intrusion detection systems,,
17,openalex,Intrusion Detection of Imbalanced Network Traffic Based on Machine Learning and Deep Learning,Lan Liu; Pengcheng Wang; Jun Lin; Langzhou Liu,2020.0,IEEE Access,10.1109/access.2020.3048198,https://openalex.org/W3116274835,"In imbalanced network traffic, malicious cyber-attacks can often hide in large amounts of normal data. It exhibits a high degree of stealth and obfuscation in cyberspace, making it difficult for Network Intrusion Detection System(NIDS) to ensure the accuracy and timeliness of detection. This paper researches machine learning and deep learning for intrusion detection in imbalanced network traffic. It proposes a novel Difficult Set Sampling Technique(DSSTE) algorithm to tackle the class imbalance problem. First, use the Edited Nearest Neighbor(ENN) algorithm to divide the imbalanced training set into the difficult set and the easy set. Next, use the KMeans algorithm to compress the majority samples in the difficult set to reduce the majority. Zoom in and out the minority samples' continuous attributes in the difficult set synthesize new samples to increase the minority number. Finally, the easy set, the compressed set of majority in the difficult, and the minority in the difficult set are combined with its augmentation samples to make up a new training set. The algorithm reduces the imbalance of the original training set and provides targeted data augment for the minority class that needs to learn. It enables the classifier to learn the differences in the training stage better and improve classification performance. To verify the proposed method, we conduct experiments on the classic intrusion dataset NSL-KDD and the newer and comprehensive intrusion dataset CSE-CIC-IDS2018. We use classical classification models: random forest(RF), Support Vector Machine(SVM), XGBoost, Long and Short-term Memory(LSTM), AlexNet, Mini-VGGNet. We compare the other 24 methods; the experimental results demonstrate that our proposed DSSTE algorithm outperforms the other methods.",10.1109/access.2020.3048198,intrusion detection of imbalanced network traffic based on machine learning and deep learning,,
18,openalex,"Federated Learning for intrusion detection system: Concepts, challenges and future directions",Shaashwat Agrawal; Sagnik Sarkar; Ons Aouedi; Gokul Yenduri; Kandaraj Piamrat; Mamoun Alazab; Sweta Bhattacharya; Praveen Kumar Reddy Maddikunta; Thippa Reddy Gadekallu,2022.0,Computer Communications,10.1016/j.comcom.2022.09.012,https://openalex.org/W3171802458,,10.1016/j.comcom.2022.09.012,federated learning for intrusion detection system concepts challenges and future directions,,
19,openalex,Federated-Learning-Based Anomaly Detection for IoT Security Attacks,Viraaji Mothukuri; Prachi Khare; Reza M. Parizi; Seyedamin Pouriyeh; Ali Dehghantanha; Gautam Srivastava,2021.0,IEEE Internet of Things Journal,10.1109/jiot.2021.3077803,https://openalex.org/W3157680283,"The Internet of Things (IoT) is made up of billions of physical devices connected to the Internet via networks that perform tasks independently with less human intervention. Such brilliant automation of mundane tasks requires a considerable amount of user data in digital format, which, in turn, makes IoT networks an open source of personally identifiable information data for malicious attackers to steal, manipulate, and perform nefarious activities. A huge interest has been developed over the past years in applying machine learning (ML)-assisted approaches in the IoT security space. However, the assumption in many current works is that big training data are widely available and transferable to the main server because data are born at the edge and are generated continuously by IoT devices. This is to say that classic ML works on the legacy set of entire data located on a central server, which makes it the least preferred option for domains with privacy concerns on user data. To address this issue, we propose the federated-learning (FL)-based anomaly detection approach to proactively recognize intrusion in IoT networks using decentralized on-device data. Our approach uses federated training rounds on gated recurrent units (GRUs) models and keeps the data intact on local IoT devices by sharing only the learned weights with the central server of FL. Also, the approach’s ensembler part aggregates the updates from multiple sources to optimize the global ML model’s accuracy. Our experimental results demonstrate that our approach outperforms the classic/centralized machine learning (non-FL) versions in securing the privacy of user data and provides an optimal accuracy rate in attack detection.",10.1109/jiot.2021.3077803,federated learning based anomaly detection for iot security attacks,,
20,openalex,Multi-Stage Optimized Machine Learning Framework for Network Intrusion Detection,MohammadNoor Injadat; Abdallah Moubayed; Ali Bou Nassif; Abdallah Shami,2020.0,IEEE Transactions on Network and Service Management,10.1109/tnsm.2020.3014929,https://openalex.org/W3048313003,"Cyber-security garnered significant attention due to the increased dependency of individuals and organizations on the Internet and their concern about the security and privacy of their online activities. Several previous machine learning (ML)-based network intrusion detection systems (NIDSs) have been developed to protect against malicious online behavior. This paper proposes a novel multi-stage optimized ML-based NIDS framework that reduces computational complexity while maintaining its detection performance. This work studies the impact of oversampling techniques on the models’ training sample size and determines the minimal suitable training sample size. Furthermore, it compares between two feature selection techniques, information gain and correlation-based, and explores their effect on detection performance and time complexity. Moreover, different ML hyper-parameter optimization techniques are investigated to enhance the NIDS’s performance. The performance of the proposed framework is evaluated using two recent intrusion detection datasets, the CICIDS 2017 and the UNSW-NB 2015 datasets. Experimental results show that the proposed model significantly reduces the required training sample size (up to 74%) and feature set size (up to 50%). Moreover, the model performance is enhanced with hyper-parameter optimization with detection accuracies over 99% for both datasets, outperforming recent literature works by 1-2% higher accuracy and 1-2% lower false alarm rate.",10.1109/tnsm.2020.3014929,multi stage optimized machine learning framework for network intrusion detection,,
21,openalex,Enhancing intrusion detection: a hybrid machine and deep learning approach,Muhammad Sajid; Kaleem Razzaq Malik; Ahmad Almogren; Tauqeer Safdar Malik; Ali Haider Khan; Jawad Tanveer; Ateeq Ur Rehman,2024.0,Journal of Cloud Computing Advances Systems and Applications,10.1186/s13677-024-00685-x,https://openalex.org/W4400737507,"Abstract The volume of data transferred across communication infrastructures has recently increased due to technological advancements in cloud computing, the Internet of Things (IoT), and automobile networks. The network systems transmit diverse and heterogeneous data in dispersed environments as communication technology develops. The communications using these networks and daily interactions depend on network security systems to provide secure and reliable information. On the other hand, attackers have increased their efforts to render systems on networks susceptible. An efficient intrusion detection system is essential since technological advancements embark on new kinds of attacks and security limitations. This paper implements a hybrid model for Intrusion Detection (ID) with Machine Learning (ML) and Deep Learning (DL) techniques to tackle these limitations. The proposed model makes use of Extreme Gradient Boosting (XGBoost) and convolutional neural networks (CNN) for feature extraction and then combines each of these with long short-term memory networks (LSTM) for classification. Four benchmark datasets CIC IDS 2017, UNSW NB15, NSL KDD, and WSN DS were used to train the model for binary and multi-class classification. With the increase in feature dimensions, current intrusion detection systems have trouble identifying new threats due to low test accuracy scores. To narrow down each dataset’s feature space, XGBoost, and CNN feature selection algorithms are used in this work for each separate model. The experimental findings demonstrate a high detection rate and good accuracy with a relatively low False Acceptance Rate (FAR) to prove the usefulness of the proposed hybrid model.",10.1186/s13677-024-00685-x,enhancing intrusion detection a hybrid machine and deep learning approach,,
22,openalex,Deep learning methods in network intrusion detection: A survey and an objective comparison,Sunanda Gamage; Jagath Samarabandu,2020.0,Journal of Network and Computer Applications,10.1016/j.jnca.2020.102767,https://openalex.org/W3047132966,,10.1016/j.jnca.2020.102767,deep learning methods in network intrusion detection a survey and an objective comparison,,
23,openalex,Anomaly-based intrusion detection system for IoT networks through deep learning model,Tanzila Saba; Amjad Rehman; Tariq Sadad; Hoshang Kolivand; Saeed Ali Bahaj,2022.0,Computers & Electrical Engineering,10.1016/j.compeleceng.2022.107810,https://openalex.org/W4212986808,,10.1016/j.compeleceng.2022.107810,anomaly based intrusion detection system for iot networks through deep learning model,,
24,openalex,BAT: Deep Learning Methods on Network Intrusion Detection Using NSL-KDD Dataset,Tongtong Su; Huazhi Sun; Jinqi Zhu; Sheng Wang; Yabo Li,2020.0,IEEE Access,10.1109/access.2020.2972627,https://openalex.org/W3005630930,"Intrusion detection can identify unknown attacks from network traffics and has been an effective means of network security. Nowadays, existing methods for network anomaly detection are usually based on traditional machine learning models, such as KNN, SVM, etc. Although these methods can obtain some outstanding features, they get a relatively low accuracy and rely heavily on manual design of traffic features, which has been obsolete in the age of big data. To solve the problems of low accuracy and feature engineering in intrusion detection, a traffic anomaly detection model BAT is proposed. The BAT model combines BLSTM (Bidirectional Long Short-term memory) and attention mechanism. Attention mechanism is used to screen the network flow vector composed of packet vectors generated by the BLSTM model, which can obtain the key features for network traffic classification. In addition, we adopt multiple convolutional layers to capture the local features of traffic data. As multiple convolutional layers are used to process data samples, we refer BAT model as BAT-MC. The softmax classifier is used for network traffic classification. The proposed end-to-end model does not use any feature engineering skills and can automatically learn the key features of the hierarchy. It can well describe the network traffic behavior and improve the ability of anomaly detection effectively. We test our model on a public benchmark dataset, and the experimental results demonstrate our model has better performance than other comparison methods.",10.1109/access.2020.2972627,bat deep learning methods on network intrusion detection using nsl kdd dataset,,
25,openalex,"Deep Learning: A Comprehensive Overview on Techniques, Taxonomy, Applications and Research Directions",Iqbal H. Sarker,2021.0,SN Computer Science,10.1007/s42979-021-00815-1,https://openalex.org/W3194730353,,10.1007/s42979-021-00815-1,deep learning a comprehensive overview on techniques taxonomy applications and research directions,,
26,openalex,Deep Learning-Based Intrusion Detection Systems: A Systematic Review,Jan Lánský; Saqib Ali; Mokhtar Mohammadi; Mohammed Kamal Majeed; Sarkhel H. Taher Karim; Shima Rashidi; Mehdi Hosseinzadeh; Amir Masoud Rahmani,2021.0,IEEE Access,10.1109/access.2021.3097247,https://openalex.org/W3185244527,"Nowadays, the ever-increasing complication and severity of security attacks on computer networks have inspired security researchers to incorporate different machine learning methods to protect the organizations' data and reputation. Deep learning is one of the exciting techniques which recently are vastly employed by the IDS or intrusion detection systems to increase their performance in securing the computer networks and hosts. This survey article focuses on the deep learning-based intrusion detection schemes and puts forward an in-depth survey and classification of these schemes. It first presents the primary background concepts about IDS architecture and various deep learning techniques. It then classifies these schemes according to the type of deep learning methods utilized in each of them. It describes how deep learning networks are utilized in the intrusion detection process to recognize intrusions accurately. Finally, a complete analysis of the investigated IDS frameworks is provided, and concluding remarks and future directions are highlighted.",10.1109/access.2021.3097247,deep learning based intrusion detection systems a systematic review,,
27,openalex,A Survey on Machine Learning Techniques for Cyber Security in the Last Decade,Kamran Shaukat; Suhuai Luo; Vijay Varadharajan; Ibrahim A. Hameed; Min Xu,2020.0,IEEE Access,10.1109/access.2020.3041951,https://openalex.org/W3108671495,"Pervasive growth and usage of the Internet and mobile applications have expanded cyberspace. The cyberspace has become more vulnerable to automated and prolonged cyberattacks. Cyber security techniques provide enhancements in security measures to detect and react against cyberattacks. The previously used security systems are no longer sufficient because cybercriminals are smart enough to evade conventional security systems. Conventional security systems lack efficiency in detecting previously unseen and polymorphic security attacks. Machine learning (ML) techniques are playing a vital role in numerous applications of cyber security. However, despite the ongoing success, there are significant challenges in ensuring the trustworthiness of ML systems. There are incentivized malicious adversaries present in the cyberspace that are willing to game and exploit such ML vulnerabilities. This paper aims to provide a comprehensive overview of the challenges that ML techniques face in protecting cyberspace against attacks, by presenting a literature on ML techniques for cyber security including intrusion detection, spam detection, and malware detection on computer networks and mobile networks in the last decade. It also provides brief descriptions of each ML method, frequently used security datasets, essential ML tools, and evaluation metrics to evaluate a classification model. It finally discusses the challenges of using ML techniques in cyber security. This paper provides the latest extensive bibliography and the current trends of ML in cyber security.",10.1109/access.2020.3041951,a survey on machine learning techniques for cyber security in the last decade,,
28,openalex,"A Review of Intrusion Detection Systems Using Machine and Deep Learning in Internet of Things: Challenges, Solutions and Future Directions",Javed Asharf; Nour Moustafa; Hasnat Khurshid; Essam Debie; Waqas Haider; Abdul Wahab,2020.0,Electronics,10.3390/electronics9071177,https://openalex.org/W3043799819,"The Internet of Things (IoT) is poised to impact several aspects of our lives with its fast proliferation in many areas such as wearable devices, smart sensors and home appliances. IoT devices are characterized by their connectivity, pervasiveness and limited processing capability. The number of IoT devices in the world is increasing rapidly and it is expected that there will be 50 billion devices connected to the Internet by the end of the year 2020. This explosion of IoT devices, which can be easily increased compared to desktop computers, has led to a spike in IoT-based cyber-attack incidents. To alleviate this challenge, there is a requirement to develop new techniques for detecting attacks initiated from compromised IoT devices. Machine and deep learning techniques are in this context the most appropriate detective control approach against attacks generated from IoT devices. This study aims to present a comprehensive review of IoT systems-related technologies, protocols, architecture and threats emerging from compromised IoT devices along with providing an overview of intrusion detection models. This work also covers the analysis of various machine learning and deep learning-based techniques suitable to detect IoT systems related to cyber-attacks.",10.3390/electronics9071177,a review of intrusion detection systems using machine and deep learning in internet of things challenges solutions and future directions,,
29,openalex,An effective feature engineering for DNN using hybrid PCA-GWO for intrusion detection in IoMT architecture,Swarna Priya R.M.; Praveen Kumar Reddy Maddikunta; M. Parimala; Srinivas Koppu; Thippa Reddy Gadekallu; Chiranji Lal Chowdhary; Mamoun Alazab,2020.0,Computer Communications,10.1016/j.comcom.2020.05.048,https://openalex.org/W3033675321,,10.1016/j.comcom.2020.05.048,an effective feature engineering for dnn using hybrid pca gwo for intrusion detection in iomt architecture,,
30,openalex,Performance Analysis of Intrusion Detection Systems Using a Feature Selection Method on the UNSW-NB15 Dataset,Sydney Mambwe Kasongo; Yanxia Sun,2020.0,Journal Of Big Data,10.1186/s40537-020-00379-6,https://openalex.org/W3106741970,"Abstract Computer networks intrusion detection systems (IDSs) and intrusion prevention systems (IPSs) are critical aspects that contribute to the success of an organization. Over the past years, IDSs and IPSs using different approaches have been developed and implemented to ensure that computer networks within enterprises are secure, reliable and available. In this paper, we focus on IDSs that are built using machine learning (ML) techniques. IDSs based on ML methods are effective and accurate in detecting networks attacks. However, the performance of these systems decreases for high dimensional data spaces. Therefore, it is crucial to implement an appropriate feature extraction method that can prune some of the features that do not possess a great impact in the classification process. Moreover, many of the ML based IDSs suffer from an increase in false positive rate and a low detection accuracy when the models are trained on highly imbalanced datasets. In this paper, we present an analysis the UNSW-NB15 intrusion detection dataset that will be used for training and testing our models. Moreover, we apply a filter-based feature reduction technique using the XGBoost algorithm. We then implement the following ML approaches using the reduced feature space: Support Vector Machine (SVM), k-Nearest-Neighbour (kNN), Logistic Regression (LR), Artificial Neural Network (ANN) and Decision Tree (DT). In our experiments, we considered both the binary and multiclass classification configurations. The results demonstrated that the XGBoost-based feature selection method allows for methods such as the DT to increase its test accuracy from 88.13 to 90.85% for the binary classification scheme.",10.1186/s40537-020-00379-6,performance analysis of intrusion detection systems using a feature selection method on the unsw nb15 dataset,,
31,crossref,How Machine Learning is Revolutionizing Intrusion Detection,Emmanuel Tsukerman,2020.0,Designing a Machine Learning Intrusion Detection System,10.1007/978-1-4842-6591-8_2,https://doi.org/10.1007/978-1-4842-6591-8_2,,10.1007/978-1-4842-6591-8_2,how machine learning is revolutionizing intrusion detection,,
32,crossref,Machine Learning for Intrusion Detection,M.K. Divya,2025.0,Deep Learning for Intrusion Detection,10.1002/9781394285198.ch2,https://doi.org/10.1002/9781394285198.ch2,,10.1002/9781394285198.ch2,machine learning for intrusion detection,,
33,crossref,Intrusion Detection Systems based on Machine Learning,Oumaima Chentoufi; Khalid Chougdali,2021.0,"Proceedings of the 2nd International Conference on Big Data, Modelling and Machine Learning",10.5220/0010734300003101,https://doi.org/10.5220/0010734300003101,,10.5220/0010734300003101,intrusion detection systems based on machine learning,,
34,crossref,Machine Learning for Intrusion Detection,Akshay Mudgal,2026.0,CyberSentinel+,10.1201/9781003660361-5,https://doi.org/10.1201/9781003660361-5,,10.1201/9781003660361-5,machine learning for intrusion detection,,
35,crossref,Trustable machine learning for intrusion detection systems,; Robin Duraz,,,10.70675/e2fe5f32z19e5z41caz9b55z7b33b874c3c0,https://doi.org/10.70675/e2fe5f32z19e5z41caz9b55z7b33b874c3c0,"<jats:title>Apprentissage automatique de confiance pour les systèmes de détection d'intrusion</jats:title>
                <jats:p xml:lang=""fr"">Les systèmes de détection d'intrusion sont des composants essentiels à la défense de notre écosystème numérique. Récemment, les avancées en apprentissage automatique ont permis de développer de nouveaux types de système de détection d'intrusion, permettant de s'éloigner du besoin de créer des règles de détection de plus en plus complexes. Ces systèmes de détection utilisant l'apprentissage automatique sont capables d'apprendre de façon autonome différents comportements, à la condition d'avoir un jeu de données bien calibré. Le contexte de la cybersécurité amène des besoins spécifiques, des besoins qui sont différents des tâches d'apprentissage automatique les plus courantes : la reconnaissance d'images et le traitement du langage. Cela implique qu'il faut adapter les différents procédés utilisés en apprentissage automatique pour répondre à ces attentes. Étant dans un environnement ayant d'importants enjeux, les systèmes de détection d'intrusion devraient plutôt être utilisés pour aider à la prise de décisions, mais cela reste essentiel de pouvoir leur faire confiance. De ce fait, dans cette thèse, nous avons dans un premier temps développé une nouvelle métrique basée sur les scores CVSS, permettant d'intégrer des connaissances de cybersécurité dans le processus d'évaluation des systèmes de détection d'intrusion. Nous nous sommes ensuite concentrés sur le besoin de comprendre des décisions qui ne sont pas compréhensibles. Même si le domaine de l'explicabilité n'est pas assez avancé pour correctement expliquer ces décisions, cela reste possible de vérifier la confiance en celles-ci d'une façon plus robuste, amenant à examiner ou corriger d'éventuelles erreurs. Finalement, nous nous sommes efforcés de compléter les approches existantes en utilisant des techniques d'apprentissage automatique récentes pour augmenter la capacité à détecter de nouvelles cyberattaques. Toutes ces méthodes contribuent donc à créer des systèmes de détection d'intrusion utilisant l'apprentissage automatique qui sont plus fiables.",10.70675/e2fe5f32z19e5z41caz9b55z7b33b874c3c0,trustable machine learning for intrusion detection systems,,
36,crossref,Intrusion Detection using Machine Learning,Bhumika Malik; Nivedita Singh,2022.0,International Journal of Science and Research (IJSR),10.21275/mr22310165547,https://doi.org/10.21275/mr22310165547,,10.21275/mr22310165547,intrusion detection using machine learning,,
37,crossref,Evaluation of Machine Learning Method for Intrusion Detection System on Jubatus,Tadashi Ogino,2015.0,International Journal of Machine Learning and Computing,10.7763/ijmlc.2015.v5.497,https://doi.org/10.7763/ijmlc.2015.v5.497,,10.7763/ijmlc.2015.v5.497,evaluation of machine learning method for intrusion detection system on jubatus,,
38,crossref,Advanced machine learning methods for network intrusion detection,Δημήτριος Παπαμαρτζιβάνος,,,10.12681/eadd/45893,https://doi.org/10.12681/eadd/45893,"Οι σύγχρονες υποδομές τεχνολογίας πληροφοριών και επικοινωνίας έχουν μετατραπεί χωρίς αμφιβολία σε ένα χώρο ευκαιριών για κακόβουλες οντότητες, οι οποίες απειλούν την εμπιστευτικότητα, την ακεραιότητα και διαθεσιμότητα αυτών των συστημάτων. Το συνεχώς αυξανόμενο μέγεθος και η πολυπλοκότητα των κυβερνοεπιθέσεων δεν αφήνουν περιθώρια επανάπαυσης στους αμυνόμενους. Σε αυτό το πλαίσιο, η αναζήτηση ολοκληρωμένων και ευέλικτων αμυντικών μηχανισμών και μεθόδων καθίσταται υψίστης σημασίας. Σε αυτήν την κατεύθυνση, τα συστήματα ανίχνευσης και αντιμετώπισης εισβολών αποτελούν απαραίτητες οντότητες σε ένα δίκτυο για την προστασία των συστημάτων και την παροχή ενεργειών αποκατάστασης εναντίον των επιθέσεων. Ωστόσο, τέτοιου είδους μηχανισμοί είναι απαραίτητο να υποστηρίζονται από ευφυείς μεθόδους, για να είναι σε θέση να διατηρούν υψηλή επιχειρησιακή ετοιμότητα. Σε αυτό το πλαίσιο, η παρούσα διδακτορική διατριβή εστιάζει σε προηγμένες μεθόδους μηχανικής μάθησης, οι οποίες μπορούν να προσδώσουν ωφέλιμα χαρακτηριστικά σε συστήματα ανίχνευσης και αντιμετώπισης εισβολών. Πιο συγκεκριμένα, η παρούσα διατριβή αποτελείται από τρεις άξονες: α) την παροχή βέλτιστων αντιμέτρων στο πλαίσιο μηχανισμών αντιμετώπισης εισβολών, β) την εξαγωγή αξιόπιστων κανόνων ανίχνευσης για συστήματα ανίχνευσης εισβολών κακής χρήσης (Misuse Detection IDS), και γ) την ενσωμάτωση χαρακτηριστικών αυτοπροσαρμογής σε αυτά τα συστήματα. Σχετικά με τον πρώτο άξονα, η παρούσα διατριβή παρέχει μία εκτενή ανάλυση μηχανισμών αντιμετώπισης εισβολών, οι οποίοι στοχεύουν στην παροχή βέλτιστων αντίμετρων εναντίον κυβερνοεπιθέσεων. Η ανάλυσή μας στοχεύει να εξετάσει λεπτομερώς και με κριτικό πνεύμα τις σχετικές δημοσιεύσεις του συγκεκριμένου τομέα, να εντοπίσει τις μεθόδους τεχνίτης νοημοσύνης που αυτές αξιοποιούν και να προσφέρει μία σε βάθος συζήτηση και αναλυτική σύγκριση βάσει κριτηρίων. Επιπλέον, επισημαίνονται οι ελλείψεις και οι μελλοντικές ερευνητικές προκλήσεις του συγκεκριμένου ερευνητικού πεδίου. Ορμώμενοι από το γεγονός ότι οι μηχανισμοί αντιμετώπισης επιθέσεων θα πρέπει να ενεργοποιούνται βάσει ακριβούς πρόβλεψης της φύσης των επιθέσεων, ο δεύτερος άξονας της παρούσας διατριβής εστιάζει στο σχεδιασμό και την ανάπτυξη μίας μεθοδολογίας εξαγωγής κανόνων, με την ονομασία Dendron, για συστήματα ανίχνευσης εισβολών κακής χρήσης. Συγκεκριμένα, η μεθοδολογία μας εκμεταλλεύεται Δέντρα Απόφασης( Decision Trees) και Γενετικούς Αλγορίθμους (Genetic Algorithms), με σκοπό την ανάπτυξη μεταφράσιμων και αξιόπιστων κανόνων ανίχνευσης. Το Dendron είναι ικανό να προσδιορίζει σωστά την κατηγορία στην οποία ανήκουν οι επιθέσεις, ενώ επιτυγχάνει καλύτερη απόδοση, σε σύγκριση με άλλες κλασικές τεχνικές, στις περισσότερες μετρικές κατηγοριοποίησης.Επιπρόσθετα, με σκοπό την αντιμετώπιση του σημαντικότερου μειονεκτήματος των συστημάτων ανίχνευσης κακής χρήσης, που είναι η αδυναμία προσαρμογής σε νέες δικτυακές συνθήκες, ο τρίτος άξονας της διατριβής αποσκοπεί στην ανάπτυξη μίας αυτοπροσαρμοζόμενης μεθοδολογίας, η οποία μπορεί να αναζωογονήσει μία μηχανή ανίχνευσης μέσω της αυτοματοποίησης του μηχανισμού επανεκπαίδευσής της. Λαμβάνοντας υπόψη την εκτεταμένη κλίμακα των σύγχρονων δικτύων και την πολυπλοκότητα των δικτυακών δεδομένων, το πρόβλημα της προσαρμογής υπερβαίνει κατά πολύ τις δυνατότητες διαχείρισης από έναν ειδικό ασφάλειας. Έτσι μέσω της αξιοποίησης μεθόδων Βαθιάς Μάθησης (Deep Learning), η μεθοδολογία μας μπορεί να αντιληφθεί τη φύση μίας επίθεσης βάσει γενικευμένων ανασχηματισμένων χαρακτηριστικών (generalized feature reconstructions) που προέρχονται απευθείας από το άγνωστο δικτυακό περιβάλλον και τα δικτυακά δεδομένα, από τα οποία απουσιάζει η κατηγορική ετικέτα κλάσης. Τα πειραματικά αποτελέσματα δείχνουν ότι η μεθοδολογία μας μπορεί να αναζωογονήσει ένα σύστημα ανίχνευσης εισβολών, και επιπλέον επιτυγχάνει καλύτερη απόδοση σε σχέση με κλασικές μη-ευέλικτες προσεγγίσεις.",10.12681/eadd/45893,advanced machine learning methods for network intrusion detection,,
39,crossref,Anomaly-based network intrusion detection using machine learning,; Maxime Labonne,,,10.70675/7f7fbc77zaab9z4f60z9b41z7236bc47d138,https://doi.org/10.70675/7f7fbc77zaab9z4f60z9b41z7236bc47d138,"<jats:title>Détection d'intrusion réseau par anomalies avec apprentissage automatique</jats:title>
                <jats:p xml:lang=""fr"">Ces dernières années, le piratage est devenu une industrie à part entière, augmentant le nombre et la diversité des cyberattaques. Les menaces qui pèsent sur les réseaux informatiques vont des logiciels malveillants aux attaques par déni de service, en passant par le phishing et l'ingénierie sociale. Un plan de cybersécurité efficace ne peut plus reposer uniquement sur des antivirus et des pare-feux pour contrer ces menaces : il doit inclure plusieurs niveaux de défense. Les systèmes de détection d'intrusion (IDS) réseaux sont un moyen complémentaire de renforcer la sécurité, avec la possibilité de surveiller les paquets de la couche 2 (liaison) à la couche 7 (application) du modèle OSI. Les techniques de détection d'intrusion sont traditionnellement divisées en deux catégories : la détection par signatures et la détection par anomalies. La plupart des IDS utilisés aujourd'hui reposent sur la détection par signatures ; ils ne peuvent cependant détecter que des attaques connues. Les IDS utilisant la détection par anomalies sont capables de détecter des attaques inconnues, mais sont malheureusement moins précis, ce qui génère un grand nombre de fausses alertes. Dans ce contexte, la création d'IDS précis par anomalies est d'un intérêt majeur pour pouvoir identifier des attaques encore inconnues.Dans cette thèse, les modèles d'apprentissage automatique sont étudiés pour créer des IDS qui peuvent être déployés dans de véritables réseaux informatiques. Tout d'abord, une méthode d'optimisation en trois étapes est proposée pour améliorer la qualité de la détection : 1/ augmentation des données pour rééquilibrer les jeux de données, 2/ optimisation des paramètres pour améliorer les performances du modèle et 3/ apprentissage ensembliste pour combiner les résultats des meilleurs modèles. Les flux détectés comme des attaques peuvent être analysés pour générer des signatures afin d'alimenter les bases de données d'IDS basées par signatures. Toutefois, cette méthode présente l'inconvénient d'exiger des jeux de données étiquetés, qui sont rarement disponibles dans des situations réelles. L'apprentissage par transfert est donc étudié afin d'entraîner des modèles d'apprentissage automatique sur de grands ensembles de données étiquetés, puis de les affiner sur le trafic normal du réseau à surveiller. Cette méthode présente également des défauts puisque les modèles apprennent à partir d'attaques déjà connues, et n'effectuent donc pas réellement de détection d'anomalies. C'est pourquoi une nouvelle solution basée sur l'apprentissage non supervisé est proposée. Elle utilise l'analyse de l'en-tête des protocoles réseau pour modéliser le comportement normal du trafic. Les anomalies détectées sont ensuite regroupées en attaques ou ignorées lorsqu'elles sont isolées. Enfin, la détection la congestion réseau est étudiée. Le taux d'utilisation de la bande passante entre les différents liens est prédit afin de corriger les problèmes avant qu'ils ne se produisent.",10.70675/7f7fbc77zaab9z4f60z9b41z7236bc47d138,anomaly based network intrusion detection using machine learning,,
40,crossref,Applications of Machine Learning in Intrusion Detection,,2014.0,The State of the Art in Intrusion Prevention and Detection,10.1201/b16390-18,https://doi.org/10.1201/b16390-18,,10.1201/b16390-18,applications of machine learning in intrusion detection,,
41,crossref,Intrusion Detection System,,2011.0,Series in Electrical and Computer Engineering,10.1142/9781848164482_0004,https://doi.org/10.1142/9781848164482_0004,,10.1142/9781848164482_0004,intrusion detection system,,
42,crossref,Intrusion Detection using Machine Learning Techniques,Akshay Kaushik; Varun Goel,2021.0,International Journal of Science and Research (IJSR),10.21275/sr211211230813,https://doi.org/10.21275/sr211211230813,,10.21275/sr211211230813,intrusion detection using machine learning techniques,,
43,crossref,Network intrusion detection using machine learning,Seyed Pedrum Jalali Mosallam,2021.0,,10.32920/ryerson.14645952.v1,https://doi.org/10.32920/ryerson.14645952.v1,"In this research we have studied the use of machine learning techniques in detecting network
intrusions. Most research in the field has used the very outdated dataset (KDDCup99) which
consists of a set handcrafted features. In our research we present models that work well on both
the older dataset and on newer datasets such as ISCX2014 and ISCX2012. We also present
methods for extracting features from these datasets. Another issue we found with most research in
this field is that they do not study the effect of surges in regular network traffic and how that might
affect the model. We put our model to test in 10x traffic and show its effectiveness under these
conditions. We also study how semi-supervised models can be used in training NIDS models
without directly showing them labeled data.",10.32920/ryerson.14645952.v1,network intrusion detection using machine learning,,
44,crossref,Network intrusion detection using machine learning,Seyed Pedrum Jalali Mosallam,2021.0,,10.32920/ryerson.14645952,https://doi.org/10.32920/ryerson.14645952,"In this research we have studied the use of machine learning techniques in detecting network
intrusions. Most research in the field has used the very outdated dataset (KDDCup99) which
consists of a set handcrafted features. In our research we present models that work well on both
the older dataset and on newer datasets such as ISCX2014 and ISCX2012. We also present
methods for extracting features from these datasets. Another issue we found with most research in
this field is that they do not study the effect of surges in regular network traffic and how that might
affect the model. We put our model to test in 10x traffic and show its effectiveness under these
conditions. We also study how semi-supervised models can be used in training NIDS models
without directly showing them labeled data.",10.32920/ryerson.14645952,network intrusion detection using machine learning,,
45,crossref,IB10-Intrusion detection system in gas-pipeline industry using machine learning,,,,10.21533/pen.v7i3.512.s89,https://doi.org/10.21533/pen.v7i3.512.s89,,10.21533/pen.v7i3.512.s89,ib10 intrusion detection system in gas pipeline industry using machine learning,,
46,crossref,Identifying Mislabeling in Machine Learning Based Intrusion Detection System,Bofan Li,,,10.30707/etd2021.20220215070317590203.999987,https://doi.org/10.30707/etd2021.20220215070317590203.999987,,10.30707/etd2021.20220215070317590203.999987,identifying mislabeling in machine learning based intrusion detection system,,
47,crossref,On Machine Learning-based Network Traffic Intrusion Detection,Ahmed Ramzi Bahlali,,,10.70675/f159dcd7ze4fbz4658za8daz64abb42200b1,https://doi.org/10.70675/f159dcd7ze4fbz4658za8daz64abb42200b1,"<jats:title>Une approche par apprentissage automatique pour la détection des intrusions dans le trafic réseau</jats:title>
                <jats:p xml:lang=""fr"">La sécurité à la périphérie du réseau joue un rôle clé dans la protection des infrastructures informatiques modernes. Les systèmes de détection d’intrusion basés sur les signatures et les pare-feux de nouvelle génération, encore principalement utilisés, reposent sur des règles prédéfinies et sur l’inspection approfondie des paquets pour identifier les menaces. S'ils restent efficaces contre les attaques connues, ils nécessitent toutefois des mises à jour fréquentes et peinent à détecter les nouvelles attaques. La généralisation du chiffrement réduit d'autant plus leur efficacité en masquant le contenu des paquets, rendant plus difficile la détection du trafic malveillant. Ces dernières années, de nouvelles méthodes, reposant sur la détection d'anomalies, ont émergé afin de renforcer la détection d’intrusions. Elles s’appuient sur les techniques d'apprentissage automatique et profond afin de distinguer, à partir uniquement des métadonnées, le trafic bénin du trafic malveillant. Dans cette thèse, nous proposons une évaluation approfondie de ces approches. Nous présentons ensuite une nouvelle approche, basée sur l'utilisation d'un Autoencodeur, permettant d'améliorer leur précision. Enfin, nous proposons une méthode d'apprentissage semi-supervisé basée sur l'apprentissage auto-supervisé des représentations afin de réduire la dépendance aux données annotées.",10.70675/f159dcd7ze4fbz4658za8daz64abb42200b1,on machine learning based network traffic intrusion detection,,
48,crossref,Machine learning for intrusion detection systems in autonomous transportation,; Elies Gherbi,,,10.70675/ada2e34fz70fcz4e8fza0d4za03701b6a256,https://doi.org/10.70675/ada2e34fz70fcz4e8fza0d4za03701b6a256,"<jats:title>Apprentissage automatique pour la détection d'intrusion dans les systèmes du transport intelligent</jats:title>
                <jats:p xml:lang=""fr"">De nombreuse avancée et innovations technologiques sont introduites dans le monde de l'automobile. Plusieurs domaines scientifiques et applicatifs contribuent à l'amélioration de ces avancées. L'une des dimensions importantes est la cybersécurité. Effectivement, les véhicules autonomes seront sujets aux cyberattaques et les cybers criminels pourraient pirater les systèmes d'exploitation des véhicules et perturber leur fonctionnement et mettre en danger la sûreté des passagers. Ainsi, la cybersécurité reste un obstacle à surmonter pour sécuriser les véhicules et permettre aux innovations technologiques dans le domaine des transports d'apporter des solutions aux problèmes de la société et éviter leur détournement à des fins malicieuses. En effet, la conception actuelle et future des véhicules autonomes implique de nombreuses interfaces de communication, la communication dans le véhicule entre les différents systèmes embarqués, les communications Vehicle-to-X (V2X) entre le véhicule et d'autres véhicules et structures connectés sur les routes. Plusieurs mécanismes de défense sont implémentés pour répondre aux normes de sécurité (antivirus, pare-feu, etc.), mais nous ne pouvons pas être sûrs que toutes les failles possibles sont couvertes, spécialement dans des systèmes complexes comme les voitures autonomes. Le système de détection d'intrusion a été introduit dans le monde IT pour évaluer l'état du réseau et détecter tous les comportements malveillants. Le monde l'IT a connu beaucoup plus d'expérience en termes de mécanisme de défense qui peut inspirer la cybersécurité des transports intelligent (voiture autonome), néanmoins, ces dernières requirent leurs propres besoins et contraintes liées à la sûreté et aussi à leur architecture system. L'état actuel de l'évolution des véhicules a été rendu possible grâce à des innovations successives dans de nombreux domaines industriels et de recherche. L'intelligence artificielle en fait partie, ses différentes techniques permettent d'apprendre et de mettre en oeuvre des tâches complexe tel que la conduite autonome. Cette thèse vise à développer un system intelligent de détection d'intrusion en utilisant l'apprentissage automatique dans un contexte automobile. L'objectif est d'évaluer l'impact de l'apprentissage automatique sur l'amélioration de la sécurité des véhicules futurs (autonomes). Notre objectif principal est la sécurité des communications entres les différents systèmes dans la voiture. Dans ce but, nous menons une enquête empirique pour déterminer les besoins sous-jacents et les contraintes qu'exigent les systèmes embarqués. Nous passons en revue la littérature d'apprentissage profond pour la détection d'anomalie, on note qu'il y a un manque d'étude personnalisée sur le système de détection d'intrusion de véhicule autonome utilisant l'apprentissage profond. Dans de telles applications, les données sont déséquilibrées : le taux d'exemples normal est beaucoup plus élevé que les exemples anormaux. L'émergence du réseau antagoniste (GAN) a récemment apporté de nouveaux algorithmes pour la détection des anomalies. Nous développons une approche antagoniste (adversarial) pour la détection des anomalies, basée sur un Encoding Adversarial Network (EAN). L'architecture future des réseaux embarqués dans les véhicules est composée de différents sous-systèmes. Chaque sous-système est responsable de services spécifiques qui assurent le fonctionnement autonome du véhicule. Pour des raisons fonctionnelles et de sécurité, les sous-systèmes sont isolés, formant une architecture de communication hiérarchiquesde l'ensemble du système. Dans cette thèse, nous concevons un IDS distribué qui s'adapte à l'architecture embarquée et à ses contraintes et réduit le taux de surcharge de communicationinduit par le traitement de l'IDS.",10.70675/ada2e34fz70fcz4e8fza0d4za03701b6a256,machine learning for intrusion detection systems in autonomous transportation,,
49,crossref,Flow-Based Intrusion Detection Using Ensemble Machine Learning,Devesh Senthilraja,2025.0,,10.58445/rars.3367,https://doi.org/10.58445/rars.3367,,10.58445/rars.3367,flow based intrusion detection using ensemble machine learning,,
50,crossref,Towards practical machine learning based network intrusion detection,; Liam Daly Manocchio,,,10.14264/713e796,https://doi.org/10.14264/713e796,,10.14264/713e796,towards practical machine learning based network intrusion detection,,
51,crossref,Techniques for Intrusion Detection,,2011.0,Series in Electrical and Computer Engineering,10.1142/9781848164482_0005,https://doi.org/10.1142/9781848164482_0005,,10.1142/9781848164482_0005,techniques for intrusion detection,,
52,crossref,Network Intrusion Detection Data,Emmanuel Tsukerman,2020.0,Designing a Machine Learning Intrusion Detection System,10.1007/978-1-4842-6591-8_4,https://doi.org/10.1007/978-1-4842-6591-8_4,,10.1007/978-1-4842-6591-8_4,network intrusion detection data,,
53,crossref,Intrusion detection and prevention for IoT systems using Machine Learning,; Nadia Chaabouni,,,10.70675/5d630624zd682z4948z8b07z5bec20c80385,https://doi.org/10.70675/5d630624zd682z4948z8b07z5bec20c80385,"<jats:title>Détection et prévention des intrusions pour les systèmes IoT en utilisant des techniques d’apprentissage</jats:title>
                <jats:p xml:lang=""fr"">Avec l'expansion de l'Internet des objets (IoT) et l'évolution des techniques d'attaque, la sécurité de l'IoT est devenue une préoccupation très importante. OneM2M est une initiative de standardisation mondiale pour l'IoT. Par conséquent, sa sécurité implique la sécurité de l'écosystème IoT. C'est pourquoi nous concentrons nos travaux sur la sécurité de ce standard. Dans cette thèse, nous proposons un système de détection et de prévention des intrusions (IDPS), basé sur les techniques d’apprentissage, pour les systèmes IoT utilisant oneM2M. Afin d'adopter les technologies émergentes et surtout avec ses résultats intéressants déjà éprouvés dans le domaine de la sécurité, les techniques d’apprentissage sont utilisées dans notre stratégie IDPS. Notre système oneM2M-IDPS détecte les menaces potentielles et y répond immédiatement. Il détecte et classifie les menaces sur trois niveaux d’apprentissage différents et réagit rapidement par des actions appropriées. OneM2M-IDPS ne traite pas seulement les menaces connues (attaques de sécurité et comportements anormaux), il est également capable de détecter les menaces inconnues (zero-day). De plus, l'IDPS est équipé d'un module d'apprentissage continu qui lui permet d'apprendre en permanence de nouveaux comportements afin d'être à jour.",10.70675/5d630624zd682z4948z8b07z5bec20c80385,intrusion detection and prevention for iot systems using machine learning,,
54,crossref,Machine Learning-Based Network Intrusion Detection System (NIDS),Md Shariful Islam,2026.0,,10.36227/techrxiv.176834492.21643927/v1,https://doi.org/10.36227/techrxiv.176834492.21643927/v1,"This work applies machine learning techniques to improve network intrusion detection using the CIC-IDS-2017 dataset, which includes realistic examples of both normal and attack traffic. Traditional intrusion detection systems rely on static signatures, making it difficult to recognize new or evolving attack patterns. To overcome this limitation, the dataset was preprocessed, analyzed, and optimized using Recursive Feature Elimination (RFE) to identify the most relevant flow-based features for anomaly detection. The results show that features related to average packet size, forward and backward packet length behavior, packet timing, destination ports, and total packet volume provide the highest impact on model performance. Several supervised learning algorithms were trained and compared, including Logistic Regression, KNN, Decision Tree, Random Forest, XGBoost, CatBoost, and a Voting Classifier. The evaluation demonstrates that ensemble models consistently achieve over 99% accuracy, outperforming simpler classifiers. These findings suggest that feature-optimized machine learning approaches can significantly improve intrusion detection accuracy and support future development of real-time detection systems.",10.36227/techrxiv.176834492.21643927/v1,machine learning based network intrusion detection system nids,,
55,crossref,Intrusion Detection for Wired Network,,2011.0,Series in Electrical and Computer Engineering,10.1142/9781848164482_others01,https://doi.org/10.1142/9781848164482_others01,,10.1142/9781848164482_others01,intrusion detection for wired network,,
56,crossref,AI-Driven Intrusion Detection Systems (IDS): Enhancing Threat Detection Using Machine Learning and Deep Learning,William Kawah,2026.0,,10.2139/ssrn.6747238,https://doi.org/10.2139/ssrn.6747238,"Intrusion Detection Systems (IDS) are essential for detecting and mitigating cyber threats in modern network security. Traditional IDS techniques, such as signature-based and anomaly-based detection, often struggle with high false positive rates and limited effectiveness against zero-day attacks. This research explores the use of Artificial Intelligence (AI), specifically Machine Learning (ML) and Deep Learning (DL), to enhance IDS performance. The study evaluates multiple ML models, including Decision Trees, Random Forest, and Support Vector Machines (SVM), alongside DL models such as Convolutional Neural Networks (CNN) and Long Short-Term Memory (LSTM). The models are trained and tested using benchmark intrusion detection datasets such as NSL-KDD, CIC-IDS2017, and UNSW-NB15. The research assesses key performance metrics, including accuracy, precision, recall, and false positive rates, to determine the most effective AI-based IDS approach. Additionally, feature selection techniques are applied to identify the most critical network traffic attributes that influence attack detection. The findings demonstrate that AI-driven IDS significantly improve threat detection accuracy while reducing false positives. This study provides insights into optimizing IDS models for real-world cybersecurity applications and offers recommendations for deploying AI-powered IDS solutions in enterprise networks.",10.2139/ssrn.6747238,ai driven intrusion detection systems ids enhancing threat detection using machine learning and deep learning,,
57,crossref,Intrusion detection by machine learning = Behatolás detektálás gépi tanulás által,; Csaba Brunner,,,10.14267/phd.2020026,https://doi.org/10.14267/phd.2020026,"Since the early days of information technology, there have been many stakeholders who used the technological capabilities for their own benefit, be it legal operations, or illegal access to computational assets and sensitive information. Every year, businesses invest large amounts of effort into upgrading their IT infrastructure, yet, even today, they are unprepared to protect their most valuable assets: data and knowledge. This lack of protection was the main reason for the creation of this dissertation. During this study, intrusion detection, a field of information security, is evaluated through the use of several machine learning models performing signature and hybrid detection. This is a challenging field, mainly due to the high velocity and imbalanced nature of network traffic. To construct machine learning models capable of intrusion detection, the applied methodologies were the CRISP-DM process model designed to help data scientists with the planning, creation and integration of machine learning models into a business information infrastructure, and design science research interested in answering research questions with information technology artefacts. The two methodologies have a lot in common, which is further elaborated in the study. The goals of this dissertation were two-fold: first, to create an intrusion detector that could provide a high level of intrusion detection performance measured using accuracy and recall and second, to identify potential techniques that can increase intrusion detection performance. Out of the designed models, a hybrid autoencoder + stacking neural network model managed to achieve detection performance comparable to the best models that appeared in the related literature, with good detections on minority classes. To achieve this result, the techniques identified were synthetic sampling, advanced hyperparameter optimization, model ensembles and autoencoder networks. In addition, the dissertation set up a soft hierarchy among the different detection techniques in terms of performance and provides a brief outlook on potential future practical applications of network intrusion detection models as well.",10.14267/phd.2020026,intrusion detection by machine learning behatol s detekt l s g pi tanul s ltal,,
58,crossref,Intrusion Detection for Wireless Sensor Network,,2011.0,Series in Electrical and Computer Engineering,10.1142/9781848164482_others02,https://doi.org/10.1142/9781848164482_others02,,10.1142/9781848164482_others02,intrusion detection for wireless sensor network,,
59,crossref,Network Intrusion Detection system with Machine learning Intrusion Detection System with Machine Learning As a Service,Lorna Kangethe; Hayden Wimmer; Carl Rebman,2024.0,Journal of Information Systems Applied Research,10.62273/ewql5023,https://doi.org/10.62273/ewql5023,,10.62273/ewql5023,network intrusion detection system with machine learning intrusion detection system with machine learning as a service,,
60,crossref,Intrusion Detection System Using Machine Learning Approach,; P. Akshaya,2016.0,International Journal Of Engineering And Computer Science,10.18535/ijecs/v5i10.05,https://doi.org/10.18535/ijecs/v5i10.05,,10.18535/ijecs/v5i10.05,intrusion detection system using machine learning approach,,
61,arxiv,A Hybrid Deep Learning Anomaly Detection Framework for Intrusion Detection,Rahul Kale; Zhi Lu; Kar Wai Fok; Vrizlynn L. L. Thing,2022.0,arXiv,10.48550/arXiv.2212.00966,https://arxiv.org/abs/2212.00966v1,"Cyber intrusion attacks that compromise the users' critical and sensitive data are escalating in volume and intensity, especially with the growing connections between our daily life and the Internet. The large volume and high complexity of such intrusion attacks have impeded the effectiveness of most traditional defence techniques. While at the same time, the remarkable performance of the machine learning methods, especially deep learning, in computer vision, had garnered research interests from the cyber security community to further enhance and automate intrusion detections. However, the expensive data labeling and limitation of anomalous data make it challenging to train an intrusion detector in a fully supervised manner. Therefore, intrusion detection based on unsupervised anomaly detection is an important feature too. In this paper, we propose a three-stage deep learning anomaly detection based network intrusion attack detection framework. The framework comprises an integration of unsupervised (K-means clustering), semi-supervised (GANomaly) and supervised learning (CNN) algorithms. We then evaluated and showed the performance of our implemented framework on three benchmark datasets: NSL-KDD, CIC-IDS2018, and TON_IoT.",10.48550/arxiv.2212.00966,a hybrid deep learning anomaly detection framework for intrusion detection,,
62,arxiv,Tree-based Intelligent Intrusion Detection System in Internet of Vehicles,Li Yang; Abdallah Moubayed; Ismail Hamieh; Abdallah Shami,2019.0,arXiv,10.48550/arXiv.1910.08635,https://arxiv.org/abs/1910.08635v2,"The use of autonomous vehicles (AVs) is a promising technology in Intelligent Transportation Systems (ITSs) to improve safety and driving efficiency. Vehicle-to-everything (V2X) technology enables communication among vehicles and other infrastructures. However, AVs and Internet of Vehicles (IoV) are vulnerable to different types of cyber-attacks such as denial of service, spoofing, and sniffing attacks. In this paper, an intelligent intrusion detection system (IDS) is proposed based on tree-structure machine learning models. The results from the implementation of the proposed intrusion detection system on standard data sets indicate that the system has the ability to identify various cyber-attacks in the AV networks. Furthermore, the proposed ensemble learning and feature selection approaches enable the proposed system to achieve high detection rate and low computational cost simultaneously.",10.48550/arxiv.1910.08635,tree based intelligent intrusion detection system in internet of vehicles,,
63,arxiv,Cyber Situation Awareness with Active Learning for Intrusion Detection,Steven McElwee; James Cannady,2019.0,arXiv,10.48550/arXiv.1912.12673,https://arxiv.org/abs/1912.12673v1,"Intrusion detection has focused primarily on detecting cyberattacks at the event-level. Since there is such a large volume of network data and attacks are minimal, machine learning approaches have focused on improving accuracy and reducing false positives, but this has frequently resulted in overfitting. In addition, the volume of intrusion detection alerts is large and creates fatigue in the human analyst who must review them. This research addresses the problems associated with event-level intrusion detection and the large volumes of intrusion alerts by applying active learning and cyber situation awareness. This paper includes the results of two experiments using the UNSW-NB15 dataset. The first experiment evaluated sampling approaches for querying the oracle, as part of active learning. It then trained a Random Forest classifier using the samples and evaluated its results. The second experiment applied cyber situation awareness by aggregating the detection results of the first experiment and calculating the probability that a computer system was part of a cyberattack. This research showed that moving the perspective of event-level alerts to the probability that a computer system was part of an attack improved the accuracy of detection and reduced the volume of alerts that a human analyst would need to review.",10.48550/arxiv.1912.12673,cyber situation awareness with active learning for intrusion detection,,
64,arxiv,A Benchmark Study of Machine Learning Models for Online Fake News Detection,Junaed Younus Khan; Md. Tawkat Islam Khondaker; Sadia Afroz; Gias Uddin; Anindya Iqbal,2019.0,arXiv,10.48550/arXiv.1905.04749,https://arxiv.org/abs/1905.04749v2,"The proliferation of fake news and its propagation on social media has become a major concern due to its ability to create devastating impacts. Different machine learning approaches have been suggested to detect fake news. However, most of those focused on a specific type of news (such as political) which leads us to the question of dataset-bias of the models used. In this research, we conducted a benchmark study to assess the performance of different applicable machine learning approaches on three different datasets where we accumulated the largest and most diversified one. We explored a number of advanced pre-trained language models for fake news detection along with the traditional and deep learning ones and compared their performances from different aspects for the first time to the best of our knowledge. We find that BERT and similar pre-trained models perform the best for fake news detection, especially with very small dataset. Hence, these models are significantly better option for languages with limited electronic contents, i.e., training data. We also carried out several analysis based on the models' performance, article's topic, article's length, and discussed different lessons learned from them. We believe that this benchmark study will help the research community to explore further and news sites/blogs to select the most appropriate fake news detection method.",10.48550/arxiv.1905.04749,a benchmark study of machine learning models for online fake news detection,,
65,arxiv,Performance Comparison of Intrusion Detection Systems and Application of Machine Learning to Snort System,Syed Ali Raza Shah; Biju Issac,2017.0,arXiv,10.48550/arXiv.1710.04843,https://arxiv.org/abs/1710.04843v2,"This study investigates the performance of two open source intrusion detection systems (IDSs) namely Snort and Suricata for accurately detecting the malicious traffic on computer networks. Snort and Suricata were installed on two different but identical computers and the performance was evaluated at 10 Gbps network speed. It was noted that Suricata could process a higher speed of network traffic than Snort with lower packet drop rate but it consumed higher computational resources. Snort had higher detection accuracy and was thus selected for further experiments. It was observed that the Snort triggered a high rate of false positive alarms. To solve this problem a Snort adaptive plug-in was developed. To select the best performing algorithm for Snort adaptive plug-in, an empirical study was carried out with different learning algorithms and Support Vector Machine (SVM) was selected. A hybrid version of SVM and Fuzzy logic produced a better detection accuracy. But the best result was achieved using an optimised SVM with firefly algorithm with FPR (false positive rate) as 8.6% and FNR (false negative rate) as 2.2%, which is a good result. The novelty of this work is the performance comparison of two IDSs at 10 Gbps and the application of hybrid and optimised machine learning algorithms to Snort.",10.48550/arxiv.1710.04843,performance comparison of intrusion detection systems and application of machine learning to snort system,,
66,arxiv,Online Feature Ranking for Intrusion Detection Systems,Buse Gul Atli; Alexander Jung,2018.0,arXiv,10.48550/arXiv.1803.00530,https://arxiv.org/abs/1803.00530v2,"Many current approaches to the design of intrusion detection systems apply feature selection in a static, non-adaptive fashion. These methods often neglect the dynamic nature of network data which requires to use adaptive feature selection techniques. In this paper, we present a simple technique based on incremental learning of support vector machines in order to rank the features in real time within a streaming model for network data. Some illustrative numerical experiments with two popular benchmark datasets show that our approach allows to adapt to the changes in normal network behaviour and novel attack patterns which have not been experienced before.",10.48550/arxiv.1803.00530,online feature ranking for intrusion detection systems,,
67,arxiv,LCCDE: A Decision-Based Ensemble Framework for Intrusion Detection in The Internet of Vehicles,Li Yang; Abdallah Shami; Gary Stevens; Stephen De Rusett,2022.0,arXiv,10.48550/arXiv.2208.03399,https://arxiv.org/abs/2208.03399v2,"Modern vehicles, including autonomous vehicles and connected vehicles, have adopted an increasing variety of functionalities through connections and communications with other vehicles, smart devices, and infrastructures. However, the growing connectivity of the Internet of Vehicles (IoV) also increases the vulnerabilities to network attacks. To protect IoV systems against cyber threats, Intrusion Detection Systems (IDSs) that can identify malicious cyber-attacks have been developed using Machine Learning (ML) approaches. To accurately detect various types of attacks in IoV networks, we propose a novel ensemble IDS framework named Leader Class and Confidence Decision Ensemble (LCCDE). It is constructed by determining the best-performing ML model among three advanced ML algorithms (XGBoost, LightGBM, and CatBoost) for every class or type of attack. The class leader models with their prediction confidence values are then utilized to make accurate decisions regarding the detection of various types of cyber-attacks. Experiments on two public IoV security datasets (Car-Hacking and CICIDS2017 datasets) demonstrate the effectiveness of the proposed LCCDE for intrusion detection on both intra-vehicle and external networks.",10.48550/arxiv.2208.03399,lccde a decision based ensemble framework for intrusion detection in the internet of vehicles,,
68,arxiv,Securing Fog-to-Things Environment Using Intrusion Detection System Based On Ensemble Learning,Poulmanogo Illy; Georges Kaddoum; Christian Miranda Moreira; Kuljeet Kaur; Sahil Garg,2019.0,arXiv,10.48550/arXiv.1901.10933,https://arxiv.org/abs/1901.10933v1,"The growing interest in the Internet of Things (IoT) applications is associated with an augmented volume of security threats. In this vein, the Intrusion detection systems (IDS) have emerged as a viable solution for the detection and prevention of malicious activities. Unlike the signature-based detection approaches, machine learning-based solutions are a promising means for detecting unknown attacks. However, the machine learning models need to be accurate enough to reduce the number of false alarms. More importantly, they need to be trained and evaluated on realistic datasets such that their efficacy can be validated on real-time deployments. Many solutions proposed in the literature are reported to have high accuracy but are ineffective in real applications due to the non-representativity of the dataset used for training and evaluation of the underlying models. On the other hand, some of the existing solutions overcome these challenges but yield low accuracy which hampers their implementation for commercial tools. These solutions are majorly based on single learners and are therefore directly affected by the intrinsic limitations of each learning algorithm. The novelty of this paper is to use the most realistic dataset available for intrusion detection called NSL-KDD, and combine multiple learners to build ensemble learners that increase the accuracy of the detection. Furthermore, a deployment architecture in a fog-to-things environment that employs two levels of classifications is proposed. In such architecture, the first level performs an anomaly detection which reduces the latency of the classification substantially, while the second level, executes attack classifications, enabling precise prevention measures. Finally, the experimental results demonstrate the effectiveness of the proposed IDS in comparison with the other state-of-the-arts on the NSL-KDD dataset.",10.48550/arxiv.1901.10933,securing fog to things environment using intrusion detection system based on ensemble learning,,
69,arxiv,Online Self-Supervised Deep Learning for Intrusion Detection Systems,Mert Nakıp; Erol Gelenbe,2023.0,arXiv,10.48550/arXiv.2306.13030,https://arxiv.org/abs/2306.13030v2,"This paper proposes a novel Self-Supervised Intrusion Detection (SSID) framework, which enables a fully online Deep Learning (DL) based Intrusion Detection System (IDS) that requires no human intervention or prior off-line learning. The proposed framework analyzes and labels incoming traffic packets based only on the decisions of the IDS itself using an Auto-Associative Deep Random Neural Network, and on an online estimate of its statistically measured trustworthiness. The SSID framework enables IDS to adapt rapidly to time-varying characteristics of the network traffic, and eliminates the need for offline data collection. This approach avoids human errors in data labeling, and human labor and computational costs of model training and data collection. The approach is experimentally evaluated on public datasets and compared with well-known {machine learning and deep learning} models, showing that this SSID framework is very useful and advantageous as an accurate and online learning DL-based IDS for IoT systems.",10.48550/arxiv.2306.13030,online self supervised deep learning for intrusion detection systems,,
70,arxiv,Intrusion Detection in Internet of Things using Convolutional Neural Networks,Martin Kodys; Zhi Lu; Kar Wai Fok; Vrizlynn L. L. Thing,2022.0,arXiv,10.48550/arXiv.2211.10062,https://arxiv.org/abs/2211.10062v1,"Internet of Things (IoT) has become a popular paradigm to fulfil needs of the industry such as asset tracking, resource monitoring and automation. As security mechanisms are often neglected during the deployment of IoT devices, they are more easily attacked by complicated and large volume intrusion attacks using advanced techniques. Artificial Intelligence (AI) has been used by the cyber security community in the past decade to automatically identify such attacks. However, deep learning methods have yet to be extensively explored for Intrusion Detection Systems (IDS) specifically for IoT. Most recent works are based on time sequential models like LSTM and there is short of research in CNNs as they are not naturally suited for this problem. In this article, we propose a novel solution to the intrusion attacks against IoT devices using CNNs. The data is encoded as the convolutional operations to capture the patterns from the sensors data along time that are useful for attacks detection by CNNs. The proposed method is integrated with two classical CNNs: ResNet and EfficientNet, where the detection performance is evaluated. The experimental results show significant improvement in both true positive rate and false positive rate compared to the baseline using LSTM.",10.48550/arxiv.2211.10062,intrusion detection in internet of things using convolutional neural networks,,
71,arxiv,A review of Federated Learning in Intrusion Detection Systems for IoT,Aitor Belenguer; Javier Navaridas; Jose A. Pascual,2022.0,arXiv,10.48550/arXiv.2204.12443,https://arxiv.org/abs/2204.12443v2,"Intrusion detection systems are evolving into intelligent systems that perform data analysis searching for anomalies in their environment. The development of deep learning technologies opened the door to build more complex and effective threat detection models. However, training those models may be computationally infeasible in most Internet of Things devices. Current approaches rely on powerful centralized servers that receive data from all their parties -- violating basic privacy constraints and substantially affecting response times and operational costs due to the huge communication overheads. To mitigate these issues, Federated Learning emerged as a promising approach where different agents collaboratively train a shared model, neither exposing training data to others nor requiring a compute-intensive centralized infrastructure. This paper focuses on the application of Federated Learning approaches in the field of Intrusion Detection. Both technologies are described in detail and current scientific progress is reviewed and categorized. Finally, the paper highlights the limitations present in recent works and presents some future directions for this technology.",10.48550/arxiv.2204.12443,a review of federated learning in intrusion detection systems for iot,,
72,arxiv,Toward Autonomous and Efficient Cybersecurity: A Multi-Objective AutoML-based Intrusion Detection System,Li Yang; Abdallah Shami,2025.0,arXiv,10.48550/arXiv.2511.08491,https://arxiv.org/abs/2511.08491v1,"With increasingly sophisticated cybersecurity threats and rising demand for network automation, autonomous cybersecurity mechanisms are becoming critical for securing modern networks. The rapid expansion of Internet of Things (IoT) systems amplifies these challenges, as resource-constrained IoT devices demand scalable and efficient security solutions. In this work, an innovative Intrusion Detection System (IDS) utilizing Automated Machine Learning (AutoML) and Multi-Objective Optimization (MOO) is proposed for autonomous and optimized cyber-attack detection in modern networking environments. The proposed IDS framework integrates two primary innovative techniques: Optimized Importance and Percentage-based Automated Feature Selection (OIP-AutoFS) and Optimized Performance, Confidence, and Efficiency-based Combined Algorithm Selection and Hyperparameter Optimization (OPCE-CASH). These components optimize feature selection and model learning processes to strike a balance between intrusion detection effectiveness and computational efficiency. This work presents the first IDS framework that integrates all four AutoML stages and employs multi-objective optimization to jointly optimize detection effectiveness, efficiency, and confidence for deployment in resource-constrained systems. Experimental evaluations over two benchmark cybersecurity datasets demonstrate that the proposed MOO-AutoML IDS outperforms state-of-the-art IDSs, establishing a new benchmark for autonomous, efficient, and optimized security for networks. Designed to support IoT and edge environments with resource constraints, the proposed framework is applicable to a variety of autonomous cybersecurity applications across diverse networked environments.",10.48550/arxiv.2511.08491,toward autonomous and efficient cybersecurity a multi objective automl based intrusion detection system,,
73,arxiv,Challenges in Vessel Behavior and Anomaly Detection: From Classical Machine Learning to Deep Learning,Lucas May Petry; Amilcar Soares; Vania Bogorny; Bruno Brandoli; Stan Matwin,2020.0,arXiv,10.48550/arXiv.2004.03722,https://arxiv.org/abs/2004.03722v1,"The global expansion of maritime activities and the development of the Automatic Identification System (AIS) have driven the advances in maritime monitoring systems in the last decade. Monitoring vessel behavior is fundamental to safeguard maritime operations, protecting other vessels sailing the ocean and the marine fauna and flora. Given the enormous volume of vessel data continually being generated, real-time analysis of vessel behaviors is only possible because of decision support systems provided with event and anomaly detection methods. However, current works on vessel event detection are ad-hoc methods able to handle only a single or a few predefined types of vessel behavior. Most of the existing approaches do not learn from the data and require the definition of queries and rules for describing each behavior. In this paper, we discuss challenges and opportunities in classical machine learning and deep learning for vessel event and anomaly detection. We hope to motivate the research of novel methods and tools, since addressing these challenges is an essential step towards actual intelligent maritime monitoring systems.",10.48550/arxiv.2004.03722,challenges in vessel behavior and anomaly detection from classical machine learning to deep learning,,
74,arxiv,MTH-IDS: A Multi-Tiered Hybrid Intrusion Detection System for Internet of Vehicles,Li Yang; Abdallah Moubayed; Abdallah Shami,2021.0,arXiv,10.48550/arXiv.2105.13289,https://arxiv.org/abs/2105.13289v1,"Modern vehicles, including connected vehicles and autonomous vehicles, nowadays involve many electronic control units connected through intra-vehicle networks to implement various functionalities and perform actions. Modern vehicles are also connected to external networks through vehicle-to-everything technologies, enabling their communications with other vehicles, infrastructures, and smart devices. However, the improving functionality and connectivity of modern vehicles also increase their vulnerabilities to cyber-attacks targeting both intra-vehicle and external networks due to the large attack surfaces. To secure vehicular networks, many researchers have focused on developing intrusion detection systems (IDSs) that capitalize on machine learning methods to detect malicious cyber-attacks. In this paper, the vulnerabilities of intra-vehicle and external networks are discussed, and a multi-tiered hybrid IDS that incorporates a signature-based IDS and an anomaly-based IDS is proposed to detect both known and unknown attacks on vehicular networks. Experimental results illustrate that the proposed system can detect various types of known attacks with 99.99% accuracy on the CAN-intrusion-dataset representing the intra-vehicle network data and 99.88% accuracy on the CICIDS2017 dataset illustrating the external vehicular network data. For the zero-day attack detection, the proposed system achieves high F1-scores of 0.963 and 0.800 on the above two datasets, respectively. The average processing time of each data packet on a vehicle-level machine is less than 0.6 ms, which shows the feasibility of implementing the proposed system in real-time vehicle systems. This emphasizes the effectiveness and efficiency of the proposed IDS.",10.48550/arxiv.2105.13289,mth ids a multi tiered hybrid intrusion detection system for internet of vehicles,,
75,arxiv,Robustness Evaluation of Deep Unsupervised Learning Algorithms for Intrusion Detection Systems,D'Jeff Kanda Nkashama; Arian Soltani; Jean-Charles Verdier; Marc Frappier; Pierre-Martin Tardif; Froduald Kabanza,2022.0,arXiv,10.48550/arXiv.2207.03576,https://arxiv.org/abs/2207.03576v2,"Recently, advances in deep learning have been observed in various fields, including computer vision, natural language processing, and cybersecurity. Machine learning (ML) has demonstrated its ability as a potential tool for anomaly detection-based intrusion detection systems to build secure computer networks. Increasingly, ML approaches are widely adopted than heuristic approaches for cybersecurity because they learn directly from data. Data is critical for the development of ML systems, and becomes potential targets for attackers. Basically, data poisoning or contamination is one of the most common techniques used to fool ML models through data. This paper evaluates the robustness of six recent deep learning algorithms for intrusion detection on contaminated data. Our experiments suggest that the state-of-the-art algorithms used in this study are sensitive to data contamination and reveal the importance of self-defense against data perturbation when developing novel models, especially for intrusion detection systems.",10.48550/arxiv.2207.03576,robustness evaluation of deep unsupervised learning algorithms for intrusion detection systems,,
76,arxiv,Road Context-aware Intrusion Detection System for Autonomous Cars,Jingxuan Jiang; Chundong Wang; Sudipta Chattopadhyay; Wei Zhang,2019.0,arXiv,10.48550/arXiv.1908.00732,https://arxiv.org/abs/1908.00732v1,"Security is of primary importance to vehicles. The viability of performing remote intrusions onto the in-vehicle network has been manifested. In regard to unmanned autonomous cars, limited work has been done to detect intrusions for them while existing intrusion detection systems (IDSs) embrace limitations against strong adversaries. In this paper, we consider the very nature of autonomous car and leverage the road context to build a novel IDS, named Road context-aware IDS (RAIDS). When a computer-controlled car is driving through continuous roads, road contexts and genuine frames transmitted on the car's in-vehicle network should resemble a regular and intelligible pattern. RAIDS hence employs a lightweight machine learning model to extract road contexts from sensory information (e.g., camera images and distance sensor values) that are used to generate control signals for maneuvering the car. With such ongoing road context, RAIDS validates corresponding frames observed on the in-vehicle network. Anomalous frames that substantially deviate from road context will be discerned as intrusions. We have implemented a prototype of RAIDS with neural networks, and conducted experiments on a Raspberry Pi with extensive datasets and meaningful intrusion cases. Evaluations show that RAIDS significantly outperforms state-of-the-art IDS without using road context by up to 99.9% accuracy and short response time.",10.48550/arxiv.1908.00732,road context aware intrusion detection system for autonomous cars,,
77,arxiv,U-Fair: Uncertainty-based Multimodal Multitask Learning for Fairer Depression Detection,Jiaee Cheong; Aditya Bangar; Sinan Kalkan; Hatice Gunes,2025.0,arXiv,10.48550/arXiv.2501.09687,https://arxiv.org/abs/2501.09687v1,"Machine learning bias in mental health is becoming an increasingly pertinent challenge. Despite promising efforts indicating that multitask approaches often work better than unitask approaches, there is minimal work investigating the impact of multitask learning on performance and fairness in depression detection nor leveraged it to achieve fairer prediction outcomes. In this work, we undertake a systematic investigation of using a multitask approach to improve performance and fairness for depression detection. We propose a novel gender-based task-reweighting method using uncertainty grounded in how the PHQ-8 questionnaire is structured. Our results indicate that, although a multitask approach improves performance and fairness compared to a unitask approach, the results are not always consistent and we see evidence of negative transfer and a reduction in the Pareto frontier, which is concerning given the high-stake healthcare setting. Our proposed approach of gender-based reweighting with uncertainty improves performance and fairness and alleviates both challenges to a certain extent. Our findings on each PHQ-8 subitem task difficulty are also in agreement with the largest study conducted on the PHQ-8 subitem discrimination capacity, thus providing the very first tangible evidence linking ML findings with large-scale empirical population studies conducted on the PHQ-8.",10.48550/arxiv.2501.09687,u fair uncertainty based multimodal multitask learning for fairer depression detection,,
78,arxiv,A Transfer Learning and Optimized CNN Based Intrusion Detection System for Internet of Vehicles,Li Yang; Abdallah Shami,2022.0,arXiv,10.48550/arXiv.2201.11812,https://arxiv.org/abs/2201.11812v1,"Modern vehicles, including autonomous vehicles and connected vehicles, are increasingly connected to the external world, which enables various functionalities and services. However, the improving connectivity also increases the attack surfaces of the Internet of Vehicles (IoV), causing its vulnerabilities to cyber-threats. Due to the lack of authentication and encryption procedures in vehicular networks, Intrusion Detection Systems (IDSs) are essential approaches to protect modern vehicle systems from network attacks. In this paper, a transfer learning and ensemble learning-based IDS is proposed for IoV systems using convolutional neural networks (CNNs) and hyper-parameter optimization techniques. In the experiments, the proposed IDS has demonstrated over 99.25% detection rates and F1-scores on two well-known public benchmark IoV security datasets: the Car-Hacking dataset and the CICIDS2017 dataset. This shows the effectiveness of the proposed IDS for cyber-attack detection in both intra-vehicle and external vehicular networks.",10.48550/arxiv.2201.11812,a transfer learning and optimized cnn based intrusion detection system for internet of vehicles,,
79,arxiv,Revealing Method for the Intrusion Detection System,M. Sadiq Ali Khan,2010.0,arXiv,10.48550/arXiv.1004.4598,https://arxiv.org/abs/1004.4598v3,"The goal of an Intrusion Detection is inadequate to detect errors and unusual activity on a network or on the hosts belonging to a local network by monitoring network activity. Algorithms for building detection models are broadly classified into two categories, Misuse Detection and Anomaly Detection. The proposed approach should be taken into account, as the security system violations caused by both incompliance with the security policy and attacks on the system resulting in the need to describe models. However, it is based on unified mathematical formalism which is provided for subsequent merger of the models. The above formalism in this paper presents a state machine describing the behavior of a system subject. The set of intrusion description models is used by the evaluation module and determines the likelihood of undesired actions the system is capable of detecting. The number of attacks which are not described by models determining the completeness of detection by the IDS linked to the ability of detecting security violations.",10.48550/arxiv.1004.4598,revealing method for the intrusion detection system,,
80,arxiv,Unsupervised Representation Learning with Minimax Distance Measures,Morteza Haghir Chehreghani,2019.0,arXiv,10.48550/arXiv.1904.13223,https://arxiv.org/abs/1904.13223v3,"We investigate the use of Minimax distances to extract in a nonparametric way the features that capture the unknown underlying patterns and structures in the data. We develop a general-purpose and computationally efficient framework to employ Minimax distances with many machine learning methods that perform on numerical data. We study both computing the pairwise Minimax distances for all pairs of objects and as well as computing the Minimax distances of all the objects to/from a fixed (test) object. We first efficiently compute the pairwise Minimax distances between the objects, using the equivalence of Minimax distances over a graph and over a minimum spanning tree constructed on that. Then, we perform an embedding of the pairwise Minimax distances into a new vector space, such that their squared Euclidean distances in the new space equal to the pairwise Minimax distances in the original space. We also study the case of having multiple pairwise Minimax matrices, instead of a single one. Thereby, we propose an embedding via first summing up the centered matrices and then performing an eigenvalue decomposition to obtain the relevant features. In the following, we study computing Minimax distances from a fixed (test) object which can be used for instance in K-nearest neighbor search. Similar to the case of all-pair pairwise Minimax distances, we develop an efficient and general-purpose algorithm that is applicable with any arbitrary base distance measure. Moreover, we investigate in detail the edges selected by the Minimax distances and thereby explore the ability of Minimax distances in detecting outlier objects. Finally, for each setting, we perform several experiments to demonstrate the effectiveness of our framework.",10.48550/arxiv.1904.13223,unsupervised representation learning with minimax distance measures,,
81,arxiv,Why Interpretability in Machine Learning? An Answer Using Distributed Detection and Data Fusion Theory,Kush R. Varshney; Prashant Khanduri; Pranay Sharma; Shan Zhang; Pramod K. Varshney,2018.0,arXiv,10.48550/arXiv.1806.09710,https://arxiv.org/abs/1806.09710v1,"As artificial intelligence is increasingly affecting all parts of society and life, there is growing recognition that human interpretability of machine learning models is important. It is often argued that accuracy or other similar generalization performance metrics must be sacrificed in order to gain interpretability. Such arguments, however, fail to acknowledge that the overall decision-making system is composed of two entities: the learned model and a human who fuses together model outputs with his or her own information. As such, the relevant performance criteria should be for the entire system, not just for the machine learning component. In this work, we characterize the performance of such two-node tandem data fusion systems using the theory of distributed detection. In doing so, we work in the population setting and model interpretable learned models as multi-level quantizers. We prove that under our abstraction, the overall system of a human with an interpretable classifier outperforms one with a black box classifier.",10.48550/arxiv.1806.09710,why interpretability in machine learning an answer using distributed detection and data fusion theory,,
82,arxiv,A deep learning approach to predict the number of k-barriers for intrusion detection over a circular region using wireless sensor networks,Abhilash Singh; J. Amutha; Jaiprakash Nagar; Sandeep Sharma,2022.0,arXiv,10.48550/arXiv.2208.11887,https://arxiv.org/abs/2208.11887v1,"Wireless Sensor Networks (WSNs) is a promising technology with enormous applications in almost every walk of life. One of the crucial applications of WSNs is intrusion detection and surveillance at the border areas and in the defense establishments. The border areas are stretched in hundreds to thousands of miles, hence, it is not possible to patrol the entire border region. As a result, an enemy may enter from any point absence of surveillance and cause the loss of lives or destroy the military establishments. WSNs can be a feasible solution for the problem of intrusion detection and surveillance at the border areas. Detection of an enemy at the border areas and nearby critical areas such as military cantonments is a time-sensitive task as a delay of few seconds may have disastrous consequences. Therefore, it becomes imperative to design systems that are able to identify and detect the enemy as soon as it comes in the range of the deployed system. In this paper, we have proposed a deep learning architecture based on a fully connected feed-forward Artificial Neural Network (ANN) for the accurate prediction of the number of k-barriers for fast intrusion detection and prevention. We have trained and evaluated the feed-forward ANN model using four potential features, namely area of the circular region, sensing range of sensors, the transmission range of sensors, and the number of sensor for Gaussian and uniform sensor distribution. These features are extracted through Monte Carlo simulation. In doing so, we found that the model accurately predicts the number of k-barriers for both Gaussian and uniform sensor distribution with correlation coefficient (R = 0.78) and Root Mean Square Error (RMSE = 41.15) for the former and R = 0.79 and RMSE = 48.36 for the latter. Further, the proposed approach outperforms the other benchmark algorithms in terms of accuracy and computational time complexity.",10.48550/arxiv.2208.11887,a deep learning approach to predict the number of k barriers for intrusion detection over a circular region using wireless sensor networks,,
83,arxiv,Teaching Uncertainty Quantification in Machine Learning through Use Cases,Matias Valdenegro-Toro,2021.0,arXiv,10.48550/arXiv.2108.08712,https://arxiv.org/abs/2108.08712v1,"Uncertainty in machine learning is not generally taught as general knowledge in Machine Learning course curricula. In this paper we propose a short curriculum for a course about uncertainty in machine learning, and complement the course with a selection of use cases, aimed to trigger discussion and let students play with the concepts of uncertainty in a programming setting. Our use cases cover the concept of output uncertainty, Bayesian neural networks and weight distributions, sources of uncertainty, and out of distribution detection. We expect that this curriculum and set of use cases motivates the community to adopt these important concepts into courses for safety in AI.",10.48550/arxiv.2108.08712,teaching uncertainty quantification in machine learning through use cases,,
84,arxiv,LIGHT-HIDS: A Lightweight and Effective Machine Learning-Based Framework for Robust Host Intrusion Detection,Onat Gungor; Ishaan Kale; Jiasheng Zhou; Tajana Rosing,2025.0,arXiv,10.48550/arXiv.2509.13464,https://arxiv.org/abs/2509.13464v1,"The expansion of edge computing has increased the attack surface, creating an urgent need for robust, real-time machine learning (ML)-based host intrusion detection systems (HIDS) that balance accuracy and efficiency. In such settings, inference latency poses a critical security risk, as delays may provide exploitable opportunities for attackers. However, many state-of-the-art ML-based HIDS solutions rely on computationally intensive architectures with high inference costs, limiting their practical deployment. This paper proposes LIGHT-HIDS, a lightweight machine learning framework that combines a compressed neural network feature extractor trained via Deep Support Vector Data Description (DeepSVDD) with an efficient novelty detection model. This hybrid approach enables the learning of compact, meaningful representations of normal system call behavior for accurate anomaly detection. Experimental results on multiple datasets demonstrate that LIGHT-HIDS consistently enhances detection accuracy while reducing inference time by up to 75x compared to state-of-the-art methods. These findings highlight its effectiveness and scalability as a machine learning-based solution for real-time host intrusion detection.",10.48550/arxiv.2509.13464,light hids a lightweight and effective machine learning based framework for robust host intrusion detection,,
85,arxiv,A New Clustering Approach for Anomaly Intrusion Detection,Ravi Ranjan; G. Sahoo,2014.0,arXiv,10.48550/arXiv.1404.2772,https://arxiv.org/abs/1404.2772v1,Recent advances in technology have made our work easier compare to earlier times. Computer network is growing day by day but while discussing about the security of computers and networks it has always been a major concerns for organizations varying from smaller to larger enterprises. It is true that organizations are aware of the possible threats and attacks so they always prepare for the safer side but due to some loopholes attackers are able to make attacks. Intrusion detection is one of the major fields of research and researchers are trying to find new algorithms for detecting intrusions. Clustering techniques of data mining is an interested area of research for detecting possible intrusions and attacks. This paper presents a new clustering approach for anomaly intrusion detection by using the approach of K-medoids method of clustering and its certain modifications. The proposed algorithm is able to achieve high detection rate and overcomes the disadvantages of K-means algorithm.,10.48550/arxiv.1404.2772,a new clustering approach for anomaly intrusion detection,,
86,arxiv,Adaptive Intrusion Detection System Leveraging Dynamic Neural Models with Adversarial Learning for 5G/6G Networks, Neha; Tarunpreet Bhatia,2025.0,arXiv,10.48550/arXiv.2512.10637,https://arxiv.org/abs/2512.10637v2,"Intrusion Detection Systems (IDS) are critical components in safeguarding 5G/6G networks from both internal and external cyber threats. While traditional IDS approaches rely heavily on signature-based methods, they struggle to detect novel and evolving attacks. This paper presents an advanced IDS framework that leverages adversarial training and dynamic neural networks in 5G/6G networks to enhance network security by providing robust, real-time threat detection and response capabilities. Unlike conventional models, which require costly retraining to update knowledge, the proposed framework integrates incremental learning algorithms, reducing the need for frequent retraining. Adversarial training is used to fortify the IDS against poisoned data. By using fewer features and incorporating statistical properties, the system can efficiently detect potential threats. Extensive evaluations using the NSL- KDD dataset demonstrate that the proposed approach provides better accuracy of 82.33% for multiclass classification of various network attacks while resisting dataset poisoning. This research highlights the potential of adversarial-trained, dynamic neural networks for building resilient IDS solutions.",10.48550/arxiv.2512.10637,adaptive intrusion detection system leveraging dynamic neural models with adversarial learning for 5g 6g networks,,
87,arxiv,Automatic Layout Generation with Applications in Machine Learning Engine Evaluation,Haoyu Yang; Wen Chen; Piyush Pathak; Frank Gennari; Ya-Chieh Lai; Bei Yu,2019.0,arXiv,10.48550/arXiv.1912.05796,https://arxiv.org/abs/1912.05796v1,"Machine learning-based lithography hotspot detection has been deeply studied recently, from varies feature extraction techniques to efficient learning models. It has been observed that such machine learning-based frameworks are providing satisfactory metal layer hotspot prediction results on known public metal layer benchmarks. In this work, we seek to evaluate how these machine learning-based hotspot detectors generalize to complicated patterns. We first introduce a automatic layout generation tool that can synthesize varies layout patterns given a set of design rules. The tool currently supports both metal layer and via layer generation. As a case study, we conduct hotspot detection on the generated via layer layouts with representative machine learning-based hotspot detectors, which shows that continuous study on model robustness and generality is necessary to prototype and integrate the learning engines in DFM flows. The source code of the layout generation tool will be available at https://github. com/phdyang007/layout-generation.",10.48550/arxiv.1912.05796,automatic layout generation with applications in machine learning engine evaluation,,
88,arxiv,Towards Autonomous Cybersecurity: An Intelligent AutoML Framework for Autonomous Intrusion Detection,Li Yang; Abdallah Shami,2024.0,arXiv,10.48550/arXiv.2409.03141,https://arxiv.org/abs/2409.03141v1,"The rapid evolution of mobile networks from 5G to 6G has necessitated the development of autonomous network management systems, such as Zero-Touch Networks (ZTNs). However, the increased complexity and automation of these networks have also escalated cybersecurity risks. Existing Intrusion Detection Systems (IDSs) leveraging traditional Machine Learning (ML) techniques have shown effectiveness in mitigating these risks, but they often require extensive manual effort and expert knowledge. To address these challenges, this paper proposes an Automated Machine Learning (AutoML)-based autonomous IDS framework towards achieving autonomous cybersecurity for next-generation networks. To achieve autonomous intrusion detection, the proposed AutoML framework automates all critical procedures of the data analytics pipeline, including data pre-processing, feature engineering, model selection, hyperparameter tuning, and model ensemble. Specifically, it utilizes a Tabular Variational Auto-Encoder (TVAE) method for automated data balancing, tree-based ML models for automated feature selection and base model learning, Bayesian Optimization (BO) for hyperparameter optimization, and a novel Optimized Confidence-based Stacking Ensemble (OCSE) method for automated model ensemble. The proposed AutoML-based IDS was evaluated on two public benchmark network security datasets, CICIDS2017 and 5G-NIDD, and demonstrated improved performance compared to state-of-the-art cybersecurity methods. This research marks a significant step towards fully autonomous cybersecurity in next-generation networks, potentially revolutionizing network security applications.",10.48550/arxiv.2409.03141,towards autonomous cybersecurity an intelligent automl framework for autonomous intrusion detection,,
89,arxiv,Automated Machine Learning for Unsupervised Tabular Tasks,Prabhant Singh; Pieter Gijsbers; Elif Ceren Gok Yildirim; Murat Onur Yildirim; Joaquin Vanschoren,2025.0,arXiv,10.48550/arXiv.2510.07569,https://arxiv.org/abs/2510.07569v2,"In this work, we present LOTUS (Learning to Learn with Optimal Transport for Unsupervised Scenarios), a simple yet effective method to perform model selection for multiple unsupervised machine learning(ML) tasks such as outlier detection and clustering. Our intuition behind this work is that a machine learning pipeline will perform well in a new dataset if it previously worked well on datasets with a similar underlying data distribution. We use Optimal Transport distances to find this similarity between unlabeled tabular datasets and recommend machine learning pipelines with one unified single method on two downstream unsupervised tasks: outlier detection and clustering. We present the effectiveness of our approach with experiments against strong baselines and show that LOTUS is a very promising first step toward model selection for multiple unsupervised ML tasks.",10.48550/arxiv.2510.07569,automated machine learning for unsupervised tabular tasks,,
90,arxiv,Sarcasm Detection on Reddit Using Classical Machine Learning and Feature Engineering,Subrata Karmaker,2025.0,arXiv,10.48550/arXiv.2512.04396,https://arxiv.org/abs/2512.04396v1,"Sarcasm is common in online discussions, yet difficult for machines to identify because the intended meaning often contradicts the literal wording. In this work, I study sarcasm detection using only classical machine learning methods and explicit feature engineering, without relying on neural networks or context from parent comments. Using a 100,000-comment subsample of the Self-Annotated Reddit Corpus (SARC 2.0), I combine word-level and character-level TF-IDF features with simple stylistic indicators. Four models are evaluated: logistic regression, a linear SVM, multinomial Naive Bayes, and a random forest. Naive Bayes and logistic regression perform the strongest, achieving F1-scores around 0.57 for sarcastic comments. Although the lack of conversational context limits performance, the results offer a clear and reproducible baseline for sarcasm detection using lightweight and interpretable methods.",10.48550/arxiv.2512.04396,sarcasm detection on reddit using classical machine learning and feature engineering,,
